"wine_id","età","sesso","valutazione","nazionalita","cluster_km","fascia_eta_rec"
"1",62,"M",5,"Italia","2","Maturo"
"1",31,"M",5,"Italia","3","Giovane"
"1",62,"M",6,"USA","2","Maturo"
"1",60,"F",7.5,"Italia","1","Maturo"
"1",62,"F",4.5,"Italia","2","Maturo"
"1",64,"F",5.5,"Altri","2","Maturo"
"1",61,"F",6.5,"Francia","2","Maturo"
"1",57,"M",6,"USA","2","Maturo"
"1",37,"F",5.5,"Italia","3","Adulto"
"1",62,"F",6,"USA","2","Maturo"
"1",28,"F",7,"Italia","3","Giovane"
"1",66,"M",8.5,"USA","1","Anziano"
"1",32,"F",6.5,"Italia","3","Giovane"
"1",57,"M",6.5,"USA","2","Maturo"
"1",59,"F",7.5,"Altri","1","Maturo"
"1",23,"F",4.5,"Altri","3","Ragazzo"
"1",27,"F",6.5,"Altri","3","Giovane"
"1",63,"F",5.5,"Italia","2","Maturo"
"1",58,"M",6,"Italia","2","Maturo"
"1",61,"M",6.5,"Altri","2","Maturo"
"1",65,"M",7,"Francia","1","Anziano"
"1",60,"M",6.5,"Francia","2","Maturo"
"1",39,"F",7,"Italia","3","Adulto"
"1",59,"M",6.5,"Altri","2","Maturo"
"1",66,"M",5,"Italia","2","Anziano"
"1",62,"M",5,"Italia","2","Maturo"
"1",62,"M",5,"Francia","2","Maturo"
"1",31,"M",6.5,"USA","3","Giovane"
"1",36,"F",9,"Altri","1","Adulto"
"1",64,"M",5,"Italia","2","Maturo"
"1",26,"M",8,"Italia","3","Giovane"
"1",64,"M",5,"Italia","2","Maturo"
"1",58,"M",5,"Italia","2","Maturo"
"1",25,"M",6,"Altri","3","Ragazzo"
"1",59,"M",6.5,"USA","2","Maturo"
"1",29,"F",6,"Italia","3","Giovane"
"1",56,"M",6.5,"Altri","2","Maturo"
"1",24,"M",7,"Italia","3","Ragazzo"
"1",59,"F",6,"USA","2","Maturo"
"1",27,"M",6.5,"Altri","3","Giovane"
"1",55,"F",6,"USA","2","Maturo"
"1",64,"F",7,"USA","1","Maturo"
"1",24,"M",5,"Francia","3","Ragazzo"
"1",56,"M",5.5,"Francia","2","Maturo"
"1",51,"F",5.5,"USA","2","Maturo"
"1",49,"F",7,"Francia","1","Adulto"
"1",59,"M",8,"Altri","1","Maturo"
"1",27,"M",5.5,"Italia","3","Giovane"
"1",60,"M",5.5,"USA","2","Maturo"
"1",53,"M",5.5,"USA","2","Maturo"
"1",24,"F",5.5,"Italia","3","Ragazzo"
"1",25,"F",5,"USA","3","Ragazzo"
"1",59,"M",4.5,"Italia","2","Maturo"
"1",61,"M",3.5,"Francia","2","Maturo"
"1",29,"F",7,"Italia","3","Giovane"
"1",32,"F",7.5,"Italia","3","Giovane"
"1",21,"M",6,"Italia","3","Ragazzo"
"1",25,"M",6,"Italia","3","Ragazzo"
"1",50,"F",7,"USA","1","Adulto"
"1",23,"M",6.5,"Italia","3","Ragazzo"
"1",57,"F",5.5,"Italia","2","Maturo"
"1",20,"M",5,"Francia","3","Ragazzo"
"1",59,"M",5.5,"Italia","2","Maturo"
"1",60,"F",6,"USA","2","Maturo"
"1",28,"F",5,"Italia","3","Giovane"
"1",53,"M",7,"USA","1","Maturo"
"1",59,"F",5,"Italia","2","Maturo"
"1",61,"F",6,"Italia","2","Maturo"
"1",30,"M",7,"Italia","3","Giovane"
"1",28,"M",7,"Altri","3","Giovane"
"1",60,"M",5.5,"Francia","2","Maturo"
"1",57,"M",4.5,"Italia","2","Maturo"
"1",25,"M",4.5,"Altri","3","Ragazzo"
"1",22,"M",6.5,"USA","3","Ragazzo"
"1",56,"M",6.5,"Italia","2","Maturo"
"1",23,"M",5.5,"Francia","3","Ragazzo"
"1",56,"M",6,"Italia","2","Maturo"
"1",66,"F",4.5,"USA","2","Anziano"
"1",47,"M",4.5,"Francia","2","Adulto"
"1",57,"F",7.5,"USA","1","Maturo"
"1",61,"F",5.5,"Francia","2","Maturo"
"1",56,"M",7.5,"Francia","1","Maturo"
"1",66,"F",6.5,"Francia","2","Anziano"
"1",56,"M",5.5,"Italia","2","Maturo"
"1",63,"F",3,"Francia","2","Maturo"
"1",63,"F",6.5,"Italia","2","Maturo"
"1",56,"F",7,"Francia","1","Maturo"
"1",53,"F",5.5,"Italia","2","Maturo"
"1",54,"M",6,"USA","2","Maturo"
"1",30,"M",6,"Italia","3","Giovane"
"1",55,"M",6,"Italia","2","Maturo"
"1",29,"F",5.5,"Francia","3","Giovane"
"1",50,"F",6,"Francia","2","Adulto"
"1",26,"F",7,"USA","3","Giovane"
"1",57,"M",5.5,"USA","2","Maturo"
"1",22,"M",7,"Italia","3","Ragazzo"
"1",63,"M",4.5,"Altri","2","Maturo"
"1",51,"M",5.5,"Italia","2","Maturo"
"1",57,"M",5.5,"Italia","2","Maturo"
"1",25,"M",7.5,"USA","3","Ragazzo"
"1",21,"F",6,"USA","3","Ragazzo"
"1",24,"F",6.5,"Italia","3","Ragazzo"
"1",63,"M",6,"Italia","2","Maturo"
"1",61,"M",6.5,"Italia","2","Maturo"
"1",55,"F",5.5,"Altri","2","Maturo"
"1",57,"F",8,"Francia","1","Maturo"
"1",25,"F",7.5,"Italia","3","Ragazzo"
"1",57,"M",5.5,"Francia","2","Maturo"
"1",62,"M",7.5,"USA","1","Maturo"
"1",22,"M",6,"Italia","3","Ragazzo"
"1",52,"M",5.5,"Italia","2","Maturo"
"1",41,"F",5,"Francia","2","Adulto"
"1",60,"M",5,"Italia","2","Maturo"
"1",66,"M",6,"Italia","2","Anziano"
"1",63,"M",6,"Francia","2","Maturo"
"1",57,"M",5,"Italia","2","Maturo"
"1",66,"M",5,"Francia","2","Anziano"
"1",67,"F",7,"Italia","1","Anziano"
"2",65,"F",8,"Francia","1","Anziano"
"2",26,"M",6,"Altri","3","Giovane"
"2",25,"M",6.5,"USA","3","Ragazzo"
"2",51,"M",8,"Italia","1","Maturo"
"2",52,"M",7.5,"Francia","1","Maturo"
"2",60,"F",6,"USA","2","Maturo"
"2",55,"F",5,"Francia","2","Maturo"
"2",59,"F",5,"USA","2","Maturo"
"2",59,"F",5.5,"Francia","2","Maturo"
"2",61,"M",6.5,"Altri","2","Maturo"
"2",60,"M",5.5,"Italia","2","Maturo"
"2",58,"M",6,"Italia","2","Maturo"
"2",30,"F",6.5,"USA","3","Giovane"
"2",27,"F",6,"Italia","3","Giovane"
"2",55,"M",5.5,"Italia","2","Maturo"
"2",54,"M",7.5,"USA","1","Maturo"
"2",64,"M",5.5,"Altri","2","Maturo"
"2",63,"F",6.5,"USA","2","Maturo"
"2",35,"F",6,"Italia","3","Giovane"
"2",29,"F",6.5,"USA","3","Giovane"
"2",63,"M",5.5,"Italia","2","Maturo"
"2",64,"F",5.5,"USA","2","Maturo"
"2",31,"M",7,"Italia","3","Giovane"
"2",32,"F",6.5,"USA","3","Giovane"
"2",56,"F",6.5,"Italia","2","Maturo"
"2",55,"M",6.5,"Italia","2","Maturo"
"2",63,"F",6.5,"Italia","2","Maturo"
"2",66,"F",8,"Altri","1","Anziano"
"2",31,"M",6.5,"Francia","3","Giovane"
"2",57,"F",6,"Francia","2","Maturo"
"2",29,"M",5.5,"Francia","3","Giovane"
"2",63,"M",6.5,"Italia","2","Maturo"
"2",64,"M",4,"Italia","2","Maturo"
"2",64,"M",6.5,"USA","2","Maturo"
"2",63,"M",7,"Italia","1","Maturo"
"2",63,"M",5.5,"Italia","2","Maturo"
"2",48,"M",6,"Italia","2","Adulto"
"2",63,"M",5.5,"Italia","2","Maturo"
"2",26,"M",6.5,"Francia","3","Giovane"
"2",29,"F",7,"Francia","3","Giovane"
"2",59,"F",5.5,"Italia","2","Maturo"
"2",63,"M",4.5,"Italia","2","Maturo"
"2",60,"F",6.5,"Italia","2","Maturo"
"2",36,"M",5,"Altri","2","Adulto"
"2",35,"M",7,"USA","3","Giovane"
"2",61,"M",7,"USA","1","Maturo"
"2",61,"M",6,"Italia","2","Maturo"
"2",25,"M",6,"Italia","3","Ragazzo"
"2",57,"M",6.5,"Italia","2","Maturo"
"2",64,"M",6.5,"Italia","2","Maturo"
"2",38,"F",6.5,"Italia","3","Adulto"
"2",56,"M",6,"Italia","2","Maturo"
"2",60,"F",6.5,"Italia","2","Maturo"
"2",53,"M",7.5,"Italia","1","Maturo"
"2",64,"F",6,"Francia","2","Maturo"
"2",34,"M",5.5,"Francia","3","Giovane"
"2",59,"M",6,"Francia","2","Maturo"
"2",24,"M",8,"Francia","3","Ragazzo"
"2",57,"F",7,"USA","1","Maturo"
"2",29,"F",7,"USA","3","Giovane"
"2",24,"M",7,"Altri","3","Ragazzo"
"2",56,"F",7,"Francia","1","Maturo"
"2",55,"M",8,"Italia","1","Maturo"
"2",66,"F",7,"Italia","1","Anziano"
"2",33,"F",6,"Altri","3","Giovane"
"2",56,"M",6.5,"Italia","2","Maturo"
"2",68,"M",7,"Francia","1","Anziano"
"2",56,"M",6,"Italia","2","Maturo"
"2",48,"M",8,"Italia","1","Adulto"
"2",25,"F",5.5,"Italia","3","Ragazzo"
"2",28,"M",7,"Italia","3","Giovane"
"3",26,"F",7,"Italia","3","Giovane"
"3",58,"M",6,"Italia","2","Maturo"
"3",49,"F",6,"Italia","2","Adulto"
"3",30,"M",6.5,"Italia","3","Giovane"
"3",36,"M",7.5,"Altri","3","Adulto"
"3",32,"F",7,"Italia","3","Giovane"
"3",23,"M",6.5,"USA","3","Ragazzo"
"3",55,"F",7.5,"Italia","1","Maturo"
"3",34,"F",6.5,"Altri","3","Giovane"
"3",55,"M",7,"Italia","1","Maturo"
"3",57,"F",6.5,"Italia","2","Maturo"
"3",49,"M",6,"Italia","2","Adulto"
"3",57,"M",5,"Italia","2","Maturo"
"3",58,"F",6.5,"Francia","2","Maturo"
"3",23,"M",7,"USA","3","Ragazzo"
"3",34,"M",5.5,"Italia","3","Giovane"
"3",63,"M",6.5,"Altri","2","Maturo"
"3",63,"M",6.5,"Italia","2","Maturo"
"3",53,"F",6,"Italia","2","Maturo"
"3",31,"F",6.5,"Italia","3","Giovane"
"3",23,"M",6.5,"Altri","3","Ragazzo"
"3",55,"M",6.5,"Altri","2","Maturo"
"3",63,"M",7,"Francia","1","Maturo"
"3",36,"M",6,"Altri","3","Adulto"
"3",53,"F",7,"Francia","1","Maturo"
"3",57,"M",5,"Italia","2","Maturo"
"3",21,"F",5,"Francia","3","Ragazzo"
"3",57,"M",7,"USA","1","Maturo"
"3",48,"F",8,"USA","1","Adulto"
"3",22,"F",6,"USA","3","Ragazzo"
"3",66,"F",6,"Italia","2","Anziano"
"3",59,"M",5.5,"Italia","2","Maturo"
"3",64,"F",6.5,"Italia","2","Maturo"
"3",62,"F",6,"Francia","2","Maturo"
"3",27,"F",5.5,"USA","3","Giovane"
"3",20,"F",7.5,"Italia","3","Ragazzo"
"3",64,"M",5.5,"USA","2","Maturo"
"3",65,"M",6.5,"Italia","2","Anziano"
"3",63,"M",6,"Italia","2","Maturo"
"3",55,"F",6.5,"USA","2","Maturo"
"3",29,"M",7.5,"Italia","3","Giovane"
"3",27,"M",6.5,"Italia","3","Giovane"
"3",28,"F",5.5,"Francia","3","Giovane"
"3",29,"M",6.5,"Altri","3","Giovane"
"3",58,"M",6,"Italia","2","Maturo"
"3",56,"M",6,"Francia","2","Maturo"
"3",65,"M",5.5,"Italia","2","Anziano"
"3",50,"M",6.5,"Francia","2","Adulto"
"3",57,"M",6,"Italia","2","Maturo"
"3",29,"M",7,"USA","3","Giovane"
"3",60,"M",7,"Francia","1","Maturo"
"3",22,"M",7.5,"Italia","3","Ragazzo"
"3",22,"F",6,"Italia","3","Ragazzo"
"3",25,"M",6.5,"Francia","3","Ragazzo"
"3",47,"M",5.5,"Italia","2","Adulto"
"3",31,"M",5.5,"Italia","3","Giovane"
"3",24,"M",7.5,"USA","3","Ragazzo"
"3",25,"M",6,"Italia","3","Ragazzo"
"3",33,"M",4.5,"Altri","2","Giovane"
"3",54,"F",5.5,"Italia","2","Maturo"
"3",25,"M",6,"Italia","3","Ragazzo"
"3",31,"F",6,"Altri","3","Giovane"
"3",59,"M",6,"Francia","2","Maturo"
"3",62,"F",7.5,"Italia","1","Maturo"
"3",26,"M",7.5,"USA","3","Giovane"
"3",23,"F",7,"Francia","3","Ragazzo"
"3",29,"F",5.5,"Altri","3","Giovane"
"3",56,"F",7,"Francia","1","Maturo"
"3",55,"F",7,"Italia","1","Maturo"
"3",62,"M",6,"Altri","2","Maturo"
"3",22,"F",7,"USA","3","Ragazzo"
"3",25,"M",5,"Italia","3","Ragazzo"
"3",64,"F",7.5,"Italia","1","Maturo"
"3",56,"F",5.5,"Italia","2","Maturo"
"3",24,"F",5.5,"Italia","3","Ragazzo"
"3",32,"F",7,"Altri","3","Giovane"
"3",25,"M",7.5,"Italia","3","Ragazzo"
"3",30,"M",6.5,"USA","3","Giovane"
"3",63,"F",8,"Italia","1","Maturo"
"4",25,"M",5.5,"Italia","3","Ragazzo"
"4",60,"M",5,"USA","2","Maturo"
"4",64,"F",5.5,"Francia","2","Maturo"
"4",54,"F",7,"USA","1","Maturo"
"4",58,"M",7.5,"Altri","1","Maturo"
"4",36,"M",7,"USA","3","Adulto"
"4",55,"M",5.5,"USA","2","Maturo"
"4",61,"M",7,"Italia","1","Maturo"
"4",60,"M",5.5,"USA","2","Maturo"
"4",28,"F",6.5,"Italia","3","Giovane"
"4",46,"M",4.5,"Altri","2","Adulto"
"4",58,"F",5.5,"Italia","2","Maturo"
"4",27,"M",7.5,"Italia","3","Giovane"
"4",25,"M",6,"USA","3","Ragazzo"
"4",27,"M",8,"USA","3","Giovane"
"4",31,"M",6.5,"Italia","3","Giovane"
"4",22,"M",6.5,"USA","3","Ragazzo"
"4",53,"M",7,"Francia","1","Maturo"
"4",58,"F",6.5,"USA","2","Maturo"
"4",53,"M",6,"Italia","2","Maturo"
"4",30,"M",6,"Italia","3","Giovane"
"4",65,"M",6,"Italia","2","Anziano"
"4",56,"M",6,"USA","2","Maturo"
"4",53,"F",7,"USA","1","Maturo"
"4",54,"F",7,"Altri","1","Maturo"
"4",56,"M",7.5,"Francia","1","Maturo"
"4",24,"F",5.5,"USA","3","Ragazzo"
"4",66,"F",7,"Italia","1","Anziano"
"4",22,"F",6.5,"Francia","3","Ragazzo"
"4",62,"M",6.5,"Altri","2","Maturo"
"4",25,"F",7,"Altri","3","Ragazzo"
"4",56,"M",5,"Altri","2","Maturo"
"4",29,"M",6,"Italia","3","Giovane"
"4",33,"M",7,"Italia","3","Giovane"
"4",60,"F",7,"USA","1","Maturo"
"4",61,"M",7.5,"Italia","1","Maturo"
"4",56,"F",7.5,"Altri","1","Maturo"
"4",60,"F",6,"Italia","2","Maturo"
"4",36,"M",7.5,"Italia","3","Adulto"
"4",29,"M",6,"Italia","3","Giovane"
"4",59,"M",5.5,"USA","2","Maturo"
"4",23,"M",7.5,"Italia","3","Ragazzo"
"4",31,"M",6.5,"Altri","3","Giovane"
"4",58,"F",6.5,"Italia","2","Maturo"
"4",29,"M",6.5,"USA","3","Giovane"
"4",65,"M",5.5,"Italia","2","Anziano"
"4",38,"F",7,"Italia","3","Adulto"
"4",32,"F",6.5,"Italia","3","Giovane"
"4",54,"M",5,"Italia","2","Maturo"
"4",63,"M",4.5,"USA","2","Maturo"
"4",32,"M",8,"Italia","3","Giovane"
"4",60,"M",7,"Italia","1","Maturo"
"4",55,"M",6,"USA","2","Maturo"
"4",34,"M",5.5,"Italia","3","Giovane"
"4",26,"F",5.5,"Altri","3","Giovane"
"4",59,"F",5.5,"Italia","2","Maturo"
"4",30,"M",7,"Altri","3","Giovane"
"4",68,"M",6,"Altri","2","Anziano"
"4",25,"M",6,"USA","3","Ragazzo"
"4",62,"M",7.5,"Italia","1","Maturo"
"4",31,"M",6.5,"Italia","3","Giovane"
"4",54,"M",6,"USA","2","Maturo"
"4",59,"M",6.5,"Francia","2","Maturo"
"4",25,"M",6.5,"Italia","3","Ragazzo"
"4",33,"F",7.5,"Altri","3","Giovane"
"5",60,"F",5.5,"Francia","2","Maturo"
"5",56,"M",5,"Italia","2","Maturo"
"5",26,"M",7.5,"USA","3","Giovane"
"5",59,"M",6,"Altri","2","Maturo"
"5",55,"M",6,"Italia","2","Maturo"
"5",23,"M",7,"USA","3","Ragazzo"
"5",31,"F",7,"Altri","3","Giovane"
"5",60,"M",8,"USA","1","Maturo"
"5",30,"F",5.5,"USA","3","Giovane"
"5",61,"M",7,"Italia","1","Maturo"
"5",65,"M",6.5,"Francia","2","Anziano"
"5",34,"F",6,"Italia","3","Giovane"
"5",52,"F",7.5,"Italia","1","Maturo"
"5",59,"F",7,"Italia","1","Maturo"
"5",56,"M",7,"Francia","1","Maturo"
"5",28,"M",6,"Italia","3","Giovane"
"5",23,"M",7,"USA","3","Ragazzo"
"5",52,"F",6,"Italia","2","Maturo"
"5",25,"M",7,"Altri","3","Ragazzo"
"5",65,"M",7.5,"Italia","1","Anziano"
"5",65,"F",7.5,"Altri","1","Anziano"
"5",23,"F",7.5,"Italia","3","Ragazzo"
"5",20,"M",6.5,"Francia","3","Ragazzo"
"5",59,"F",5.5,"Italia","2","Maturo"
"5",29,"M",5.5,"Italia","3","Giovane"
"5",66,"M",8,"USA","1","Anziano"
"5",59,"M",8,"USA","1","Maturo"
"5",68,"M",7,"USA","1","Anziano"
"5",59,"M",8,"Francia","1","Maturo"
"5",60,"M",6,"Francia","2","Maturo"
"5",56,"F",7.5,"Italia","1","Maturo"
"5",40,"M",8,"USA","1","Adulto"
"5",27,"F",6,"Italia","3","Giovane"
"5",52,"F",7,"USA","1","Maturo"
"5",55,"F",7.5,"Italia","1","Maturo"
"5",28,"F",7,"Italia","3","Giovane"
"5",26,"M",8.5,"USA","3","Giovane"
"5",49,"M",7.5,"Italia","1","Adulto"
"5",21,"M",7,"Francia","3","Ragazzo"
"5",50,"M",7,"Italia","1","Adulto"
"5",29,"F",7.5,"Italia","3","Giovane"
"5",35,"M",7,"Francia","3","Giovane"
"5",23,"F",7.5,"Altri","3","Ragazzo"
"5",65,"M",6.5,"Italia","2","Anziano"
"5",61,"F",6,"Italia","2","Maturo"
"5",22,"F",7,"Francia","3","Ragazzo"
"5",52,"M",7.5,"USA","1","Maturo"
"5",26,"M",8.5,"Italia","3","Giovane"
"5",65,"M",6,"Francia","2","Anziano"
"5",59,"M",7.5,"Italia","1","Maturo"
"5",47,"M",7.5,"Italia","1","Adulto"
"5",28,"M",6,"Altri","3","Giovane"
"5",29,"M",7,"USA","3","Giovane"
"5",28,"M",6.5,"USA","3","Giovane"
"5",65,"M",6,"Italia","2","Anziano"
"5",23,"M",7.5,"Italia","3","Ragazzo"
"5",62,"M",6.5,"Italia","2","Maturo"
"5",22,"M",8,"USA","3","Ragazzo"
"5",60,"F",7,"Italia","1","Maturo"
"5",44,"M",6.5,"Altri","3","Adulto"
"5",23,"F",7,"Italia","3","Ragazzo"
"5",24,"F",7.5,"USA","3","Ragazzo"
"5",61,"M",6,"USA","2","Maturo"
"6",57,"M",6,"Italia","2","Maturo"
"6",28,"M",7.5,"Francia","3","Giovane"
"6",54,"M",8,"Italia","1","Maturo"
"6",33,"F",7,"Francia","3","Giovane"
"6",32,"F",7.5,"Francia","3","Giovane"
"6",40,"F",7,"USA","3","Adulto"
"6",20,"M",8,"Italia","3","Ragazzo"
"6",31,"M",7,"Altri","3","Giovane"
"6",26,"M",7.5,"Italia","3","Giovane"
"6",23,"M",8,"Francia","3","Ragazzo"
"6",38,"F",8.5,"Italia","1","Adulto"
"6",56,"F",8.5,"Altri","1","Maturo"
"6",50,"M",6,"USA","2","Adulto"
"6",64,"F",8,"USA","1","Maturo"
"6",60,"M",7.5,"USA","1","Maturo"
"6",28,"M",6.5,"USA","3","Giovane"
"6",59,"F",7.5,"USA","1","Maturo"
"6",52,"M",6,"Italia","2","Maturo"
"6",49,"M",6.5,"Italia","2","Adulto"
"6",60,"M",8,"USA","1","Maturo"
"6",31,"F",8,"Francia","3","Giovane"
"6",51,"M",6.5,"Altri","2","Maturo"
"6",22,"F",7.5,"Francia","3","Ragazzo"
"6",27,"F",6.5,"Francia","3","Giovane"
"6",66,"F",7.5,"Francia","1","Anziano"
"6",32,"F",7,"Altri","3","Giovane"
"6",62,"M",7,"Italia","1","Maturo"
"6",54,"F",7.5,"Italia","1","Maturo"
"6",51,"M",7.5,"Italia","1","Maturo"
"6",57,"F",8,"Altri","1","Maturo"
"6",24,"F",9,"Italia","3","Ragazzo"
"6",62,"F",8,"USA","1","Maturo"
"6",53,"F",8,"Francia","1","Maturo"
"6",27,"F",7.5,"Italia","3","Giovane"
"6",29,"M",8,"Italia","3","Giovane"
"6",57,"M",7.5,"Italia","1","Maturo"
"6",61,"M",7,"Italia","1","Maturo"
"6",48,"F",8,"USA","1","Adulto"
"6",54,"M",7.5,"Italia","1","Maturo"
"6",23,"F",6.5,"Altri","3","Ragazzo"
"6",24,"M",8,"Altri","3","Ragazzo"
"6",35,"F",7.5,"USA","3","Giovane"
"6",57,"F",6,"Italia","2","Maturo"
"6",32,"M",7,"Italia","3","Giovane"
"6",29,"M",8,"Altri","3","Giovane"
"6",57,"M",6.5,"Italia","2","Maturo"
"6",25,"F",8.5,"Italia","3","Ragazzo"
"6",34,"F",7,"Altri","3","Giovane"
"6",22,"F",5.5,"Italia","3","Ragazzo"
"6",57,"M",6,"Italia","2","Maturo"
"6",53,"M",7.5,"Altri","1","Maturo"
"6",25,"F",7,"Italia","3","Ragazzo"
"6",59,"M",8,"Italia","1","Maturo"
"6",21,"F",7,"Italia","3","Ragazzo"
"6",23,"F",8,"Italia","3","Ragazzo"
"6",54,"F",7.5,"Italia","1","Maturo"
"6",26,"M",7.5,"USA","3","Giovane"
"6",25,"M",6.5,"Italia","3","Ragazzo"
"6",21,"M",8.5,"Italia","3","Ragazzo"
"6",28,"F",5.5,"Italia","3","Giovane"
"6",60,"F",8,"Italia","1","Maturo"
"6",57,"F",7.5,"Italia","1","Maturo"
"6",60,"M",8.5,"Francia","1","Maturo"
"6",35,"F",7.5,"Francia","3","Giovane"
"6",64,"M",9,"Italia","1","Maturo"
"6",30,"F",8,"USA","3","Giovane"
"6",63,"M",7.5,"Italia","1","Maturo"
"6",67,"F",8,"Italia","1","Anziano"
"6",59,"M",9,"Italia","1","Maturo"
"6",38,"M",7.5,"Altri","3","Adulto"
"6",61,"M",7.5,"USA","1","Maturo"
"6",59,"M",8.5,"USA","1","Maturo"
"6",67,"M",7.5,"Italia","1","Anziano"
"6",54,"F",5.5,"Altri","2","Maturo"
"6",60,"M",6.5,"Francia","2","Maturo"
"6",68,"M",6.5,"Francia","2","Anziano"
"6",62,"M",8.5,"Francia","1","Maturo"
"6",23,"M",9,"Italia","3","Ragazzo"
"6",32,"M",6.5,"USA","3","Giovane"
"6",58,"M",7.5,"Italia","1","Maturo"
"6",26,"M",9,"Altri","3","Giovane"
"6",57,"F",7.5,"Italia","1","Maturo"
"6",60,"M",7.5,"Italia","1","Maturo"
"6",57,"M",7.5,"USA","1","Maturo"
"6",59,"M",8.5,"USA","1","Maturo"
"6",27,"M",8,"Altri","3","Giovane"
"6",49,"M",8,"Francia","1","Adulto"
"6",27,"F",6.5,"Francia","3","Giovane"
"6",62,"M",7,"Italia","1","Maturo"
"6",63,"M",7,"Italia","1","Maturo"
"6",31,"F",7,"Italia","3","Giovane"
"6",59,"M",8.5,"Altri","1","Maturo"
"6",61,"F",6,"Altri","2","Maturo"
"6",25,"M",8,"USA","3","Ragazzo"
"6",58,"M",8,"Altri","1","Maturo"
"6",27,"M",7,"Italia","3","Giovane"
"6",26,"M",7,"Francia","3","Giovane"
"6",22,"M",7.5,"Francia","3","Ragazzo"
"6",23,"M",8,"Italia","3","Ragazzo"
"6",66,"M",7.5,"USA","1","Anziano"
"6",62,"M",7,"USA","1","Maturo"
"6",51,"F",7.5,"Altri","1","Maturo"
"6",26,"F",9,"Francia","3","Giovane"
"6",56,"M",7.5,"Francia","1","Maturo"
"6",48,"M",8.5,"Italia","1","Adulto"
"6",65,"M",8,"Italia","1","Anziano"
"6",27,"F",8,"Italia","3","Giovane"
"6",62,"F",8,"Italia","1","Maturo"
"6",50,"F",7.5,"Italia","1","Adulto"
"6",23,"M",6.5,"Italia","3","Ragazzo"
"6",46,"M",7.5,"Francia","1","Adulto"
"6",53,"F",7,"USA","1","Maturo"
"6",24,"M",6,"Italia","3","Ragazzo"
"6",37,"M",6.5,"Altri","3","Adulto"
"6",55,"F",7.5,"Italia","1","Maturo"
"6",22,"M",7,"Francia","3","Ragazzo"
"6",48,"M",8.5,"Francia","1","Adulto"
"6",21,"M",7,"USA","3","Ragazzo"
"6",35,"M",7.5,"Italia","3","Giovane"
"6",57,"F",7.5,"Francia","1","Maturo"
"6",49,"F",5.5,"Italia","2","Adulto"
"6",66,"F",7.5,"Italia","1","Anziano"
"6",32,"M",7.5,"Italia","3","Giovane"
"6",26,"F",8.5,"USA","3","Giovane"
"6",60,"F",7.5,"Francia","1","Maturo"
"6",56,"F",7.5,"Altri","1","Maturo"
"6",30,"M",8,"Italia","3","Giovane"
"6",57,"M",7,"Altri","1","Maturo"
"6",20,"M",8,"Italia","3","Ragazzo"
"6",31,"M",8,"Italia","3","Giovane"
"6",29,"M",6,"Altri","3","Giovane"
"6",55,"F",7,"USA","1","Maturo"
"6",25,"M",7,"Italia","3","Ragazzo"
"6",28,"M",8,"Italia","3","Giovane"
"6",53,"F",8,"Francia","1","Maturo"
"6",54,"F",6.5,"Italia","2","Maturo"
"6",26,"M",7.5,"Francia","3","Giovane"
"6",22,"F",7,"Francia","3","Ragazzo"
"6",20,"F",6,"Italia","3","Ragazzo"
"6",30,"M",6.5,"Altri","3","Giovane"
"6",33,"M",6.5,"Italia","3","Giovane"
"6",52,"F",6,"Francia","2","Maturo"
"6",57,"F",8.5,"Francia","1","Maturo"
"6",61,"F",6,"Italia","2","Maturo"
"6",56,"M",7.5,"Italia","1","Maturo"
"6",27,"F",9,"Italia","3","Giovane"
"6",59,"M",9,"Italia","1","Maturo"
"6",53,"F",6.5,"USA","2","Maturo"
"6",27,"F",7,"Italia","3","Giovane"
"6",59,"M",8,"Italia","1","Maturo"
"6",55,"F",7,"Francia","1","Maturo"
"6",23,"F",7.5,"Italia","3","Ragazzo"
"6",54,"M",7,"Italia","1","Maturo"
"6",29,"F",6,"Altri","3","Giovane"
"6",55,"F",7,"USA","1","Maturo"
"6",62,"F",8,"Italia","1","Maturo"
"6",53,"F",6,"Italia","2","Maturo"
"6",35,"F",5,"Francia","2","Giovane"
"6",49,"M",7.5,"Altri","1","Adulto"
"6",63,"M",7.5,"USA","1","Maturo"
"6",29,"M",7,"USA","3","Giovane"
"6",65,"F",8,"Francia","1","Anziano"
"6",23,"M",8.5,"Italia","3","Ragazzo"
"6",26,"F",7,"Francia","3","Giovane"
"6",30,"F",6,"Italia","3","Giovane"
"6",64,"F",7,"Italia","1","Maturo"
"6",25,"M",9,"Altri","3","Ragazzo"
"6",28,"F",6,"Italia","3","Giovane"
"6",32,"M",8.5,"USA","3","Giovane"
"6",56,"F",7.5,"Francia","1","Maturo"
"6",52,"M",9,"Altri","1","Maturo"
"6",62,"M",8.5,"USA","1","Maturo"
"6",24,"M",8,"Italia","3","Ragazzo"
"6",63,"M",5.5,"Altri","2","Maturo"
"6",65,"F",5,"Italia","2","Anziano"
"6",51,"M",6.5,"Italia","2","Maturo"
"6",24,"M",6,"Italia","3","Ragazzo"
"6",26,"M",7.5,"Francia","3","Giovane"
"6",59,"M",7.5,"Francia","1","Maturo"
"6",59,"M",7.5,"Altri","1","Maturo"
"6",56,"F",6.5,"Italia","2","Maturo"
"6",24,"M",8,"Italia","3","Ragazzo"
"6",32,"F",7.5,"USA","3","Giovane"
"6",28,"M",8,"USA","3","Giovane"
"6",33,"M",7.5,"Italia","3","Giovane"
"6",23,"F",7,"Italia","3","Ragazzo"
"6",64,"M",8.5,"USA","1","Maturo"
"6",52,"F",6.5,"USA","2","Maturo"
"6",59,"F",8,"USA","1","Maturo"
"6",27,"M",8.5,"Italia","3","Giovane"
"6",27,"F",7,"Italia","3","Giovane"
"6",23,"M",8,"USA","3","Ragazzo"
"6",55,"F",7.5,"Italia","1","Maturo"
"6",56,"M",8.5,"Italia","1","Maturo"
"6",52,"F",8,"Italia","1","Maturo"
"6",54,"M",8.5,"USA","1","Maturo"
"6",61,"M",6.5,"Francia","2","Maturo"
"6",65,"F",7,"USA","1","Anziano"
"6",58,"M",7,"Francia","1","Maturo"
"6",51,"M",7,"USA","1","Maturo"
"6",61,"M",8,"USA","1","Maturo"
"6",57,"M",7.5,"USA","1","Maturo"
"6",37,"M",7,"Italia","3","Adulto"
"6",60,"M",8.5,"Altri","1","Maturo"
"6",31,"F",7,"USA","3","Giovane"
"6",56,"M",6.5,"USA","2","Maturo"
"6",60,"M",7,"Italia","1","Maturo"
"6",56,"M",8,"USA","1","Maturo"
"6",37,"F",6.5,"Altri","3","Adulto"
"6",21,"F",8,"Altri","3","Ragazzo"
"6",57,"M",6,"Italia","2","Maturo"
"6",30,"F",8,"USA","3","Giovane"
"6",57,"F",6,"Altri","2","Maturo"
"6",54,"M",8,"USA","1","Maturo"
"6",63,"M",7.5,"Altri","1","Maturo"
"6",22,"M",7,"Francia","3","Ragazzo"
"6",30,"F",6.5,"Altri","3","Giovane"
"6",61,"M",9,"Italia","1","Maturo"
"6",64,"M",8,"Italia","1","Maturo"
"6",24,"F",7.5,"Francia","3","Ragazzo"
"6",58,"F",7,"Francia","1","Maturo"
"6",23,"F",7.5,"Altri","3","Ragazzo"
"6",36,"F",7.5,"Italia","3","Adulto"
"6",22,"M",8,"USA","3","Ragazzo"
"6",50,"F",6.5,"Italia","2","Adulto"
"6",51,"M",6.5,"Italia","2","Maturo"
"6",30,"M",7,"USA","3","Giovane"
"6",60,"M",8.5,"Altri","1","Maturo"
"6",58,"F",6,"USA","2","Maturo"
"6",62,"M",6.5,"Altri","2","Maturo"
"6",23,"F",7,"Italia","3","Ragazzo"
"6",46,"F",8,"Italia","1","Adulto"
"6",24,"F",7.5,"USA","3","Ragazzo"
"6",58,"F",5.5,"Francia","2","Maturo"
"7",58,"M",5.5,"Italia","2","Maturo"
"7",54,"M",5.5,"Francia","2","Maturo"
"7",51,"F",6,"Italia","2","Maturo"
"7",29,"M",5,"Francia","3","Giovane"
"7",66,"M",7.5,"USA","1","Anziano"
"7",28,"M",6.5,"Italia","3","Giovane"
"7",35,"M",6,"USA","3","Giovane"
"7",25,"F",7.5,"Italia","3","Ragazzo"
"7",32,"F",6.5,"Italia","3","Giovane"
"7",21,"F",6,"Italia","3","Ragazzo"
"7",34,"M",5.5,"Altri","3","Giovane"
"7",59,"F",5,"USA","2","Maturo"
"7",34,"F",6,"Altri","3","Giovane"
"7",34,"F",5,"Italia","2","Giovane"
"7",27,"F",4,"Francia","2","Giovane"
"7",27,"F",6,"Altri","3","Giovane"
"7",63,"F",7,"Italia","1","Maturo"
"7",32,"M",4,"Italia","2","Giovane"
"7",58,"F",5,"Italia","2","Maturo"
"7",34,"M",4.5,"Altri","2","Giovane"
"7",62,"M",6.5,"Italia","2","Maturo"
"7",58,"F",4.5,"Italia","2","Maturo"
"7",32,"F",4,"Italia","2","Giovane"
"7",59,"M",6.5,"Italia","2","Maturo"
"7",60,"M",5,"Altri","2","Maturo"
"7",61,"M",6,"USA","2","Maturo"
"7",63,"M",7,"Italia","1","Maturo"
"7",24,"F",6.5,"Francia","3","Ragazzo"
"7",57,"M",7.5,"Francia","1","Maturo"
"7",58,"M",5,"Altri","2","Maturo"
"7",28,"M",5.5,"USA","3","Giovane"
"7",45,"F",6,"Italia","2","Adulto"
"7",56,"M",4.5,"Italia","2","Maturo"
"7",60,"M",6,"USA","2","Maturo"
"7",59,"M",5.5,"Italia","2","Maturo"
"7",26,"M",7,"Italia","3","Giovane"
"7",27,"F",7,"Francia","3","Giovane"
"7",56,"F",7,"USA","1","Maturo"
"7",53,"F",6.5,"Italia","2","Maturo"
"7",62,"M",6,"USA","2","Maturo"
"7",23,"M",6.5,"USA","3","Ragazzo"
"7",59,"F",5,"Italia","2","Maturo"
"7",62,"M",7,"USA","1","Maturo"
"7",28,"M",5.5,"Altri","3","Giovane"
"7",65,"M",6.5,"Italia","2","Anziano"
"7",55,"F",6,"Francia","2","Maturo"
"7",59,"M",4,"Italia","2","Maturo"
"7",65,"M",6,"Francia","2","Anziano"
"7",64,"F",6,"Francia","2","Maturo"
"7",33,"M",5.5,"USA","3","Giovane"
"7",63,"M",5.5,"Italia","2","Maturo"
"7",64,"F",5.5,"Francia","2","Maturo"
"7",53,"M",4,"USA","2","Maturo"
"7",62,"F",6.5,"Altri","2","Maturo"
"7",32,"M",5.5,"Francia","3","Giovane"
"7",34,"M",5.5,"Francia","3","Giovane"
"7",57,"M",6,"USA","2","Maturo"
"7",39,"M",4,"Francia","2","Adulto"
"7",58,"F",5.5,"Italia","2","Maturo"
"7",50,"F",5.5,"Italia","2","Adulto"
"7",22,"M",6,"Altri","3","Ragazzo"
"7",26,"M",6,"USA","3","Giovane"
"7",21,"M",6.5,"USA","3","Ragazzo"
"7",64,"M",5.5,"Italia","2","Maturo"
"7",33,"M",6,"Altri","3","Giovane"
"7",22,"M",5.5,"USA","3","Ragazzo"
"7",27,"F",5,"Altri","3","Giovane"
"7",25,"F",4.5,"USA","3","Ragazzo"
"7",60,"M",6,"Italia","2","Maturo"
"7",57,"F",6,"USA","2","Maturo"
"7",28,"M",4,"Italia","2","Giovane"
"7",26,"M",6.5,"Altri","3","Giovane"
"7",58,"M",4,"Italia","2","Maturo"
"7",65,"F",5.5,"Italia","2","Anziano"
"7",24,"M",5.5,"Italia","3","Ragazzo"
"7",39,"M",5.5,"USA","2","Adulto"
"7",65,"M",5.5,"Altri","2","Anziano"
"7",28,"M",7,"Italia","3","Giovane"
"7",20,"F",5,"Altri","3","Ragazzo"
"7",64,"M",6.5,"Francia","2","Maturo"
"7",47,"M",4.5,"Altri","2","Adulto"
"7",34,"M",6,"Altri","3","Giovane"
"7",58,"M",5.5,"Altri","2","Maturo"
"7",59,"M",5,"Italia","2","Maturo"
"7",60,"F",6,"Italia","2","Maturo"
"7",20,"M",8.5,"Italia","3","Ragazzo"
"7",33,"M",5,"Italia","3","Giovane"
"7",24,"F",5.5,"Italia","3","Ragazzo"
"7",55,"F",5.5,"Francia","2","Maturo"
"7",57,"F",4.5,"Italia","2","Maturo"
"7",57,"M",7.5,"Italia","1","Maturo"
"7",63,"F",6.5,"Francia","2","Maturo"
"7",65,"F",5,"Italia","2","Anziano"
"7",31,"M",6.5,"Italia","3","Giovane"
"7",57,"M",7.5,"Francia","1","Maturo"
"7",60,"M",7.5,"Altri","1","Maturo"
"7",59,"M",5.5,"USA","2","Maturo"
"7",21,"M",8,"USA","3","Ragazzo"
"7",29,"M",6,"USA","3","Giovane"
"7",54,"F",5,"Italia","2","Maturo"
"7",55,"F",6,"Altri","2","Maturo"
"7",58,"M",5.5,"Francia","2","Maturo"
"7",57,"M",5,"Italia","2","Maturo"
"7",29,"F",6,"Italia","3","Giovane"
"7",60,"M",6,"Francia","2","Maturo"
"7",54,"M",5.5,"USA","2","Maturo"
"7",22,"M",6.5,"USA","3","Ragazzo"
"7",60,"M",6.5,"Francia","2","Maturo"
"7",65,"F",4,"USA","2","Anziano"
"7",64,"M",6.5,"Italia","2","Maturo"
"7",44,"M",4.5,"Altri","2","Adulto"
"7",53,"M",7.5,"USA","1","Maturo"
"7",60,"M",5.5,"Altri","2","Maturo"
"7",27,"M",7,"Italia","3","Giovane"
"7",65,"F",5,"USA","2","Anziano"
"7",53,"M",6.5,"Italia","2","Maturo"
"7",40,"F",5.5,"USA","2","Adulto"
"7",58,"M",7,"Italia","1","Maturo"
"7",66,"M",5,"Italia","2","Anziano"
"7",26,"M",8,"USA","3","Giovane"
"7",43,"F",4.5,"Italia","2","Adulto"
"7",24,"F",7,"Francia","3","Ragazzo"
"7",60,"F",5.5,"Italia","2","Maturo"
"7",59,"M",5,"Italia","2","Maturo"
"7",54,"F",5.5,"Italia","2","Maturo"
"7",23,"M",5.5,"Italia","3","Ragazzo"
"7",59,"M",7.5,"USA","1","Maturo"
"7",63,"F",6,"Italia","2","Maturo"
"7",54,"F",5.5,"Francia","2","Maturo"
"8",51,"F",6.5,"Italia","2","Maturo"
"8",27,"F",7.5,"Italia","3","Giovane"
"8",57,"F",6,"Italia","2","Maturo"
"8",51,"M",7,"USA","1","Maturo"
"8",64,"F",6,"Italia","2","Maturo"
"8",66,"F",7,"Italia","1","Anziano"
"8",59,"F",8,"Italia","1","Maturo"
"8",59,"M",8,"USA","1","Maturo"
"8",67,"M",6.5,"Italia","2","Anziano"
"8",59,"F",5,"Italia","2","Maturo"
"8",26,"F",6.5,"Francia","3","Giovane"
"8",54,"F",5.5,"Altri","2","Maturo"
"8",22,"F",5.5,"USA","3","Ragazzo"
"8",42,"M",6.5,"USA","3","Adulto"
"8",25,"F",6,"Italia","3","Ragazzo"
"8",62,"F",6,"Italia","2","Maturo"
"8",30,"M",6,"Francia","3","Giovane"
"8",30,"M",5.5,"Italia","3","Giovane"
"8",22,"F",7,"USA","3","Ragazzo"
"8",55,"M",6,"Italia","2","Maturo"
"8",24,"F",6,"Italia","3","Ragazzo"
"8",53,"M",5.5,"Italia","2","Maturo"
"8",32,"M",5,"USA","3","Giovane"
"8",61,"M",7,"Italia","1","Maturo"
"8",64,"M",7,"USA","1","Maturo"
"8",61,"F",6,"Italia","2","Maturo"
"8",47,"F",8,"USA","1","Adulto"
"8",23,"M",5.5,"Italia","3","Ragazzo"
"8",62,"M",6,"Italia","2","Maturo"
"8",59,"M",6.5,"Italia","2","Maturo"
"8",58,"F",5,"Italia","2","Maturo"
"8",30,"M",4.5,"Italia","2","Giovane"
"8",57,"F",7,"USA","1","Maturo"
"8",57,"F",6.5,"USA","2","Maturo"
"8",52,"F",7.5,"USA","1","Maturo"
"8",56,"F",6.5,"Italia","2","Maturo"
"8",54,"M",6,"USA","2","Maturo"
"8",61,"F",7.5,"Italia","1","Maturo"
"8",64,"M",5,"Italia","2","Maturo"
"8",63,"M",5.5,"USA","2","Maturo"
"8",28,"F",7,"Altri","3","Giovane"
"8",58,"M",5,"Altri","2","Maturo"
"8",23,"M",6.5,"Francia","3","Ragazzo"
"8",24,"M",6,"Italia","3","Ragazzo"
"8",57,"M",4.5,"Italia","2","Maturo"
"8",62,"M",6,"Francia","2","Maturo"
"8",21,"F",7,"Altri","3","Ragazzo"
"8",31,"M",6.5,"Italia","3","Giovane"
"8",59,"F",6.5,"USA","2","Maturo"
"8",58,"M",5,"Francia","2","Maturo"
"8",22,"M",7,"Italia","3","Ragazzo"
"8",26,"M",7.5,"Altri","3","Giovane"
"8",53,"M",6.5,"USA","2","Maturo"
"8",52,"M",6.5,"Italia","2","Maturo"
"8",55,"F",7.5,"Italia","1","Maturo"
"8",27,"M",6.5,"Francia","3","Giovane"
"8",56,"F",7,"USA","1","Maturo"
"8",65,"M",4.5,"Altri","2","Anziano"
"8",62,"F",6.5,"Altri","2","Maturo"
"8",52,"F",7.5,"Italia","1","Maturo"
"8",58,"M",5.5,"USA","2","Maturo"
"8",68,"M",5.5,"USA","2","Anziano"
"8",59,"M",6.5,"Italia","2","Maturo"
"8",22,"F",5.5,"Francia","3","Ragazzo"
"8",63,"F",6,"USA","2","Maturo"
"8",41,"F",5,"Italia","2","Adulto"
"8",23,"M",6,"USA","3","Ragazzo"
"8",47,"F",6.5,"Italia","2","Adulto"
"8",31,"M",6.5,"Italia","3","Giovane"
"8",37,"M",7,"USA","3","Adulto"
"8",26,"M",8.5,"Italia","3","Giovane"
"8",57,"M",6.5,"Italia","2","Maturo"
"8",52,"F",6,"Italia","2","Maturo"
"8",61,"M",6,"Francia","2","Maturo"
"8",56,"M",6,"Francia","2","Maturo"
"8",21,"M",6.5,"Italia","3","Ragazzo"
"8",54,"M",7,"USA","1","Maturo"
"8",61,"M",6,"Francia","2","Maturo"
"8",28,"M",7,"Italia","3","Giovane"
"8",55,"F",7.5,"Italia","1","Maturo"
"8",46,"M",7,"USA","1","Adulto"
"8",61,"F",6.5,"Italia","2","Maturo"
"8",59,"M",6,"Italia","2","Maturo"
"8",22,"M",8.5,"Italia","3","Ragazzo"
"8",54,"M",5.5,"Italia","2","Maturo"
"8",52,"F",6,"Italia","2","Maturo"
"8",61,"F",6,"USA","2","Maturo"
"8",59,"M",8,"Italia","1","Maturo"
"8",50,"F",6,"Italia","2","Adulto"
"8",61,"F",6.5,"Italia","2","Maturo"
"8",28,"F",6.5,"Italia","3","Giovane"
"8",63,"M",7.5,"Francia","1","Maturo"
"8",28,"F",6.5,"Italia","3","Giovane"
"8",54,"F",7.5,"Francia","1","Maturo"
"8",69,"M",6.5,"USA","2","Anziano"
"8",57,"M",6.5,"USA","2","Maturo"
"8",57,"F",7,"Altri","1","Maturo"
"8",55,"F",5,"Italia","2","Maturo"
"8",38,"F",4,"Italia","2","Adulto"
"8",29,"M",8.5,"Italia","3","Giovane"
"8",58,"M",5.5,"Francia","2","Maturo"
"9",60,"F",6.5,"Italia","2","Maturo"
"9",59,"M",8,"USA","1","Maturo"
"9",37,"M",7,"Italia","3","Adulto"
"9",27,"F",7,"USA","3","Giovane"
"9",67,"M",6.5,"Francia","2","Anziano"
"9",28,"M",7.5,"Altri","3","Giovane"
"9",21,"M",7.5,"Italia","3","Ragazzo"
"9",59,"F",7,"Francia","1","Maturo"
"9",20,"M",7.5,"Italia","3","Ragazzo"
"9",57,"M",6,"Italia","2","Maturo"
"9",66,"M",8.5,"Francia","1","Anziano"
"9",40,"F",6.5,"Italia","3","Adulto"
"9",56,"M",7,"USA","1","Maturo"
"9",22,"M",7,"Altri","3","Ragazzo"
"9",59,"M",7.5,"Italia","1","Maturo"
"9",54,"M",7,"Altri","1","Maturo"
"9",50,"M",7,"USA","1","Adulto"
"9",40,"F",7,"USA","3","Adulto"
"9",56,"F",7,"Francia","1","Maturo"
"9",32,"F",6.5,"USA","3","Giovane"
"9",22,"F",7.5,"Francia","3","Ragazzo"
"9",57,"F",7,"Altri","1","Maturo"
"9",61,"M",7.5,"Altri","1","Maturo"
"9",24,"M",7.5,"Francia","3","Ragazzo"
"9",64,"M",6,"USA","2","Maturo"
"9",62,"M",8.5,"USA","1","Maturo"
"9",29,"F",6.5,"Italia","3","Giovane"
"9",22,"F",7,"Italia","3","Ragazzo"
"9",27,"F",6.5,"Italia","3","Giovane"
"9",62,"F",6.5,"Italia","2","Maturo"
"9",60,"M",9,"USA","1","Maturo"
"9",61,"M",7.5,"Italia","1","Maturo"
"9",63,"F",6,"Italia","2","Maturo"
"9",60,"M",7,"USA","1","Maturo"
"9",60,"M",6.5,"Altri","2","Maturo"
"9",28,"F",7.5,"Italia","3","Giovane"
"9",65,"F",7.5,"Italia","1","Anziano"
"9",32,"F",7.5,"Francia","3","Giovane"
"9",52,"M",9,"Italia","1","Maturo"
"9",55,"M",7.5,"Altri","1","Maturo"
"9",35,"M",7.5,"Italia","3","Giovane"
"9",21,"F",5.5,"Altri","3","Ragazzo"
"9",60,"F",5,"Italia","2","Maturo"
"9",30,"F",5.5,"Francia","3","Giovane"
"9",62,"M",9,"Altri","1","Maturo"
"9",59,"F",5.5,"Francia","2","Maturo"
"9",36,"F",7,"Italia","3","Adulto"
"9",28,"M",8.5,"USA","3","Giovane"
"9",24,"F",7,"Italia","3","Ragazzo"
"9",63,"M",8,"Francia","1","Maturo"
"9",55,"M",7,"USA","1","Maturo"
"9",20,"M",6,"Italia","3","Ragazzo"
"9",35,"M",7.5,"USA","3","Giovane"
"9",22,"F",9,"USA","3","Ragazzo"
"9",53,"F",6.5,"Altri","2","Maturo"
"9",60,"M",7.5,"Italia","1","Maturo"
"9",52,"M",7,"Italia","1","Maturo"
"9",51,"M",8,"USA","1","Maturo"
"9",61,"M",8,"Italia","1","Maturo"
"9",57,"M",7,"Italia","1","Maturo"
"9",60,"M",6.5,"Altri","2","Maturo"
"9",60,"F",8.5,"Italia","1","Maturo"
"9",37,"M",6.5,"Italia","3","Adulto"
"9",28,"M",7.5,"Francia","3","Giovane"
"9",57,"M",7,"Italia","1","Maturo"
"9",23,"M",7.5,"Italia","3","Ragazzo"
"9",22,"M",7,"Italia","3","Ragazzo"
"9",23,"M",6,"USA","3","Ragazzo"
"9",27,"M",7.5,"Altri","3","Giovane"
"9",50,"M",6.5,"Francia","2","Adulto"
"9",49,"M",7,"Altri","1","Adulto"
"9",24,"M",8,"Italia","3","Ragazzo"
"9",56,"M",7.5,"USA","1","Maturo"
"9",59,"F",7.5,"Italia","1","Maturo"
"9",27,"M",6.5,"Altri","3","Giovane"
"9",60,"F",6.5,"USA","2","Maturo"
"9",55,"M",7,"Italia","1","Maturo"
"10",59,"M",5.5,"Altri","2","Maturo"
"10",65,"M",6,"Altri","2","Anziano"
"10",61,"F",6,"Italia","2","Maturo"
"10",26,"F",6.5,"Italia","3","Giovane"
"10",67,"F",7.5,"Altri","1","Anziano"
"10",33,"M",6.5,"Italia","3","Giovane"
"10",57,"F",8.5,"Italia","1","Maturo"
"10",57,"M",6,"Italia","2","Maturo"
"10",64,"M",8.5,"USA","1","Maturo"
"10",64,"M",6,"Francia","2","Maturo"
"10",60,"F",6,"Altri","2","Maturo"
"10",62,"F",7,"USA","1","Maturo"
"10",66,"F",7,"USA","1","Anziano"
"10",61,"M",7.5,"USA","1","Maturo"
"10",53,"F",6.5,"Altri","2","Maturo"
"10",36,"F",7,"Francia","3","Adulto"
"10",28,"F",7,"Italia","3","Giovane"
"10",21,"M",5,"Italia","3","Ragazzo"
"10",61,"F",7.5,"Francia","1","Maturo"
"10",25,"F",6,"Francia","3","Ragazzo"
"10",60,"M",8,"Italia","1","Maturo"
"10",56,"M",6,"USA","2","Maturo"
"10",64,"M",6,"Altri","2","Maturo"
"10",61,"F",5.5,"Altri","2","Maturo"
"10",67,"M",7,"Francia","1","Anziano"
"10",57,"F",6.5,"Italia","2","Maturo"
"10",53,"F",6.5,"Altri","2","Maturo"
"10",67,"M",4,"Italia","2","Anziano"
"10",51,"F",7.5,"Altri","1","Maturo"
"10",62,"M",6.5,"Altri","2","Maturo"
"10",63,"F",7,"Altri","1","Maturo"
"10",68,"F",6,"USA","2","Anziano"
"10",22,"M",7.5,"Altri","3","Ragazzo"
"10",49,"M",7.5,"Italia","1","Adulto"
"10",63,"M",6,"Francia","2","Maturo"
"10",28,"F",6.5,"Italia","3","Giovane"
"10",35,"M",6.5,"Italia","3","Giovane"
"10",55,"F",8,"Italia","1","Maturo"
"10",54,"F",7,"USA","1","Maturo"
"10",52,"F",6.5,"Francia","2","Maturo"
"10",25,"F",6,"Italia","3","Ragazzo"
"10",59,"M",4,"Italia","2","Maturo"
"10",65,"M",6.5,"Francia","2","Anziano"
"10",52,"M",5.5,"Francia","2","Maturo"
"10",25,"M",7,"USA","3","Ragazzo"
"10",25,"M",7,"Italia","3","Ragazzo"
"10",27,"M",7,"USA","3","Giovane"
"10",62,"M",7.5,"USA","1","Maturo"
"10",60,"M",7.5,"USA","1","Maturo"
"10",21,"M",6.5,"Francia","3","Ragazzo"
"10",61,"M",8.5,"Francia","1","Maturo"
"10",52,"M",6.5,"Italia","2","Maturo"
"10",67,"F",4,"Francia","2","Anziano"
"10",26,"M",7,"Altri","3","Giovane"
"10",62,"M",6.5,"Francia","2","Maturo"
"10",25,"F",6,"Italia","3","Ragazzo"
"10",34,"F",5.5,"Francia","3","Giovane"
"10",62,"M",6.5,"Altri","2","Maturo"
"10",57,"M",4.5,"USA","2","Maturo"
"10",55,"M",6,"Francia","2","Maturo"
"10",53,"F",6,"USA","2","Maturo"
"10",59,"F",5.5,"Francia","2","Maturo"
"10",59,"F",8.5,"Altri","1","Maturo"
"10",25,"M",6.5,"Italia","3","Ragazzo"
"10",27,"M",6,"Francia","3","Giovane"
"10",61,"M",6,"Italia","2","Maturo"
"10",29,"M",6,"Francia","3","Giovane"
"10",44,"F",6,"Altri","2","Adulto"
"11",22,"F",6.5,"Francia","3","Ragazzo"
"11",60,"M",6.5,"Francia","2","Maturo"
"11",56,"M",5.5,"Italia","2","Maturo"
"11",57,"M",8,"Italia","1","Maturo"
"11",32,"F",8,"Italia","3","Giovane"
"11",61,"M",8,"Italia","1","Maturo"
"11",64,"F",8,"USA","1","Maturo"
"11",56,"M",8,"USA","1","Maturo"
"11",31,"F",7.5,"Francia","3","Giovane"
"11",60,"M",6.5,"USA","2","Maturo"
"11",59,"F",7.5,"Italia","1","Maturo"
"11",58,"F",6,"Altri","2","Maturo"
"11",57,"M",7.5,"Italia","1","Maturo"
"11",32,"F",9,"Francia","1","Giovane"
"11",22,"F",8,"Italia","3","Ragazzo"
"11",57,"M",7.5,"USA","1","Maturo"
"11",59,"F",7.5,"Altri","1","Maturo"
"11",50,"M",8.5,"Italia","1","Adulto"
"11",26,"M",7.5,"USA","3","Giovane"
"11",30,"F",7.5,"USA","3","Giovane"
"11",44,"M",9,"Altri","1","Adulto"
"11",21,"F",6.5,"Italia","3","Ragazzo"
"11",28,"M",7,"USA","3","Giovane"
"11",32,"F",6.5,"Italia","3","Giovane"
"11",56,"M",7.5,"Italia","1","Maturo"
"11",59,"M",7.5,"Altri","1","Maturo"
"11",58,"F",8,"Italia","1","Maturo"
"11",32,"M",7,"Altri","3","Giovane"
"11",48,"M",7,"Italia","1","Adulto"
"11",67,"F",9,"Altri","1","Anziano"
"11",54,"F",6,"Italia","2","Maturo"
"11",60,"M",8.5,"USA","1","Maturo"
"11",50,"M",8,"Italia","1","Adulto"
"11",28,"F",8,"Italia","3","Giovane"
"11",64,"M",6.5,"Italia","2","Maturo"
"11",21,"F",7.5,"USA","3","Ragazzo"
"11",54,"M",7,"Italia","1","Maturo"
"11",29,"F",8,"USA","3","Giovane"
"11",57,"M",8,"Altri","1","Maturo"
"11",26,"F",8,"Italia","3","Giovane"
"11",52,"M",8,"Francia","1","Maturo"
"11",37,"F",7.5,"USA","3","Adulto"
"11",43,"M",8.5,"Italia","1","Adulto"
"11",53,"M",7,"Altri","1","Maturo"
"11",24,"M",7,"Italia","3","Ragazzo"
"11",51,"M",8.5,"Italia","1","Maturo"
"11",52,"M",9,"Italia","1","Maturo"
"11",33,"F",8,"Italia","3","Giovane"
"11",61,"M",6.5,"Francia","2","Maturo"
"11",23,"M",8.5,"Italia","3","Ragazzo"
"11",23,"F",8,"Italia","3","Ragazzo"
"11",60,"M",7,"USA","1","Maturo"
"11",30,"F",7.5,"Italia","3","Giovane"
"11",55,"M",7.5,"Italia","1","Maturo"
"11",29,"M",8,"Altri","3","Giovane"
"11",30,"M",7.5,"Italia","3","Giovane"
"11",60,"M",8,"Francia","1","Maturo"
"11",69,"M",6.5,"USA","2","Anziano"
"11",37,"F",9,"Italia","1","Adulto"
"11",65,"M",6,"Italia","2","Anziano"
"11",60,"F",7,"Italia","1","Maturo"
"11",23,"F",7.5,"Italia","3","Ragazzo"
"11",58,"M",8.5,"Italia","1","Maturo"
"11",38,"F",8.5,"Francia","1","Adulto"
"11",30,"M",7,"Altri","3","Giovane"
"11",61,"F",9,"USA","1","Maturo"
"11",56,"F",7.5,"Italia","1","Maturo"
"12",49,"M",6.5,"Italia","2","Adulto"
"12",53,"F",7.5,"Altri","1","Maturo"
"12",56,"M",6.5,"Francia","2","Maturo"
"12",30,"F",7.5,"Francia","3","Giovane"
"12",21,"F",6.5,"USA","3","Ragazzo"
"12",29,"F",7,"Altri","3","Giovane"
"12",54,"M",5.5,"Francia","2","Maturo"
"12",63,"F",6.5,"Altri","2","Maturo"
"12",62,"M",5,"Italia","2","Maturo"
"12",62,"M",6,"Italia","2","Maturo"
"12",30,"M",6.5,"Italia","3","Giovane"
"12",63,"M",7.5,"Italia","1","Maturo"
"12",59,"M",7,"Italia","1","Maturo"
"12",60,"M",6,"Francia","2","Maturo"
"12",34,"M",6.5,"Italia","3","Giovane"
"12",58,"F",6.5,"Italia","2","Maturo"
"12",66,"F",8,"Italia","1","Anziano"
"12",64,"M",6.5,"Italia","2","Maturo"
"12",54,"M",7.5,"Altri","1","Maturo"
"12",51,"M",6,"Italia","2","Maturo"
"12",31,"M",7.5,"Italia","3","Giovane"
"12",61,"M",7,"Altri","1","Maturo"
"12",22,"F",7,"Italia","3","Ragazzo"
"12",23,"F",7,"Altri","3","Ragazzo"
"12",63,"M",6.5,"Francia","2","Maturo"
"12",25,"M",7,"Italia","3","Ragazzo"
"12",52,"M",7.5,"Italia","1","Maturo"
"12",54,"M",5,"USA","2","Maturo"
"12",34,"M",6,"Francia","3","Giovane"
"12",62,"F",5.5,"Italia","2","Maturo"
"12",66,"F",9,"Francia","1","Anziano"
"12",62,"M",8,"Altri","1","Maturo"
"12",23,"F",6.5,"Altri","3","Ragazzo"
"12",66,"F",8.5,"Italia","1","Anziano"
"12",30,"M",8,"Italia","3","Giovane"
"12",63,"F",7.5,"Italia","1","Maturo"
"12",24,"M",6.5,"USA","3","Ragazzo"
"12",25,"F",7.5,"Italia","3","Ragazzo"
"12",57,"F",7,"USA","1","Maturo"
"12",33,"F",6.5,"Francia","3","Giovane"
"12",60,"F",6.5,"Francia","2","Maturo"
"12",58,"M",7.5,"Altri","1","Maturo"
"12",29,"M",7,"Italia","3","Giovane"
"12",24,"F",6.5,"Francia","3","Ragazzo"
"12",58,"M",8,"Italia","1","Maturo"
"12",53,"F",6,"Italia","2","Maturo"
"12",30,"M",6.5,"Altri","3","Giovane"
"12",23,"M",7.5,"USA","3","Ragazzo"
"12",62,"F",5,"Francia","2","Maturo"
"12",51,"M",6,"Italia","2","Maturo"
"12",23,"M",7,"Altri","3","Ragazzo"
"12",25,"M",7,"USA","3","Ragazzo"
"12",24,"M",7.5,"Italia","3","Ragazzo"
"12",22,"F",6.5,"USA","3","Ragazzo"
"12",33,"M",6,"USA","3","Giovane"
"12",25,"M",5.5,"Francia","3","Ragazzo"
"12",61,"M",9,"Altri","1","Maturo"
"12",60,"F",7,"Italia","1","Maturo"
"12",56,"M",5,"Italia","2","Maturo"
"12",59,"F",6,"Francia","2","Maturo"
"12",55,"M",8,"Italia","1","Maturo"
"12",25,"M",6,"Italia","3","Ragazzo"
"12",50,"F",5.5,"USA","2","Adulto"
"12",31,"M",5.5,"Italia","3","Giovane"
"12",25,"M",6,"Italia","3","Ragazzo"
"12",59,"M",6,"Italia","2","Maturo"
"12",59,"M",7,"Altri","1","Maturo"
"12",29,"F",8,"USA","3","Giovane"
"12",58,"M",7.5,"Altri","1","Maturo"
"12",54,"M",6,"Francia","2","Maturo"
"13",54,"M",8,"Italia","1","Maturo"
"13",52,"M",5.5,"Italia","2","Maturo"
"13",61,"M",8,"Italia","1","Maturo"
"13",54,"F",7.5,"USA","1","Maturo"
"13",65,"F",7,"Altri","1","Anziano"
"13",28,"F",6.5,"Italia","3","Giovane"
"13",59,"F",6.5,"USA","2","Maturo"
"13",27,"F",7,"Italia","3","Giovane"
"13",21,"F",7,"Altri","3","Ragazzo"
"13",53,"M",6.5,"Altri","2","Maturo"
"13",62,"M",5.5,"Altri","2","Maturo"
"13",53,"M",8,"Italia","1","Maturo"
"13",22,"M",8,"USA","3","Ragazzo"
"13",25,"F",7.5,"USA","3","Ragazzo"
"13",59,"M",7,"USA","1","Maturo"
"13",57,"M",6.5,"USA","2","Maturo"
"13",20,"M",7,"Francia","3","Ragazzo"
"13",21,"F",7,"Italia","3","Ragazzo"
"13",25,"M",7,"Francia","3","Ragazzo"
"13",30,"F",5,"Altri","3","Giovane"
"13",66,"F",6,"USA","2","Anziano"
"13",25,"F",7.5,"Italia","3","Ragazzo"
"13",56,"F",5.5,"Italia","2","Maturo"
"13",56,"M",6,"Francia","2","Maturo"
"13",36,"F",7.5,"Italia","3","Adulto"
"13",58,"F",7,"Altri","1","Maturo"
"13",49,"M",6,"Italia","2","Adulto"
"13",36,"F",7,"USA","3","Adulto"
"13",61,"M",5.5,"Francia","2","Maturo"
"13",29,"F",6,"USA","3","Giovane"
"13",61,"M",5.5,"Altri","2","Maturo"
"13",58,"M",7,"Italia","1","Maturo"
"13",29,"M",8,"USA","3","Giovane"
"13",49,"M",5.5,"Italia","2","Adulto"
"13",67,"F",7.5,"USA","1","Anziano"
"13",68,"M",8,"Italia","1","Anziano"
"13",33,"F",7,"Italia","3","Giovane"
"13",55,"M",6.5,"Francia","2","Maturo"
"13",57,"F",8,"Italia","1","Maturo"
"13",64,"M",8.5,"Italia","1","Maturo"
"13",52,"M",7,"Francia","1","Maturo"
"13",67,"M",7.5,"Italia","1","Anziano"
"13",37,"M",8.5,"Altri","1","Adulto"
"13",26,"F",7,"Altri","3","Giovane"
"13",63,"M",6,"Italia","2","Maturo"
"13",31,"M",7,"USA","3","Giovane"
"13",28,"M",7,"USA","3","Giovane"
"13",31,"M",7,"Italia","3","Giovane"
"13",63,"M",7.5,"Italia","1","Maturo"
"13",28,"M",6,"USA","3","Giovane"
"13",25,"F",8,"Italia","3","Ragazzo"
"13",25,"M",8,"USA","3","Ragazzo"
"13",54,"F",7,"Italia","1","Maturo"
"13",64,"M",7,"Francia","1","Maturo"
"13",30,"M",7,"Italia","3","Giovane"
"13",55,"M",7,"Francia","1","Maturo"
"13",50,"M",5.5,"Altri","2","Adulto"
"13",64,"F",6,"USA","2","Maturo"
"13",28,"F",6,"Francia","3","Giovane"
"13",55,"F",6,"Italia","2","Maturo"
"13",57,"F",7,"Italia","1","Maturo"
"13",54,"M",5.5,"Italia","2","Maturo"
"13",62,"F",8,"USA","1","Maturo"
"13",33,"F",8,"Altri","3","Giovane"
"13",64,"M",9,"Altri","1","Maturo"
"13",54,"M",6.5,"Italia","2","Maturo"
"13",34,"M",7.5,"USA","3","Giovane"
"13",32,"M",6,"Italia","3","Giovane"
"13",32,"M",7.5,"Italia","3","Giovane"
"13",50,"F",8,"Francia","1","Adulto"
"13",54,"M",6.5,"USA","2","Maturo"
"13",28,"M",6.5,"Italia","3","Giovane"
"13",58,"M",6.5,"Francia","2","Maturo"
"13",62,"F",6.5,"USA","2","Maturo"
"13",21,"M",7,"USA","3","Ragazzo"
"13",29,"M",7,"Italia","3","Giovane"
"13",61,"F",7,"USA","1","Maturo"
"13",60,"F",7,"USA","1","Maturo"
"13",56,"F",6,"USA","2","Maturo"
"13",22,"F",7,"Francia","3","Ragazzo"
"13",28,"M",6,"Italia","3","Giovane"
"13",56,"F",7.5,"Francia","1","Maturo"
"13",31,"F",8,"USA","3","Giovane"
"13",64,"F",7,"Italia","1","Maturo"
"13",62,"M",7,"Italia","1","Maturo"
"13",33,"M",7.5,"Italia","3","Giovane"
"14",57,"F",6,"USA","2","Maturo"
"14",57,"F",5.5,"Altri","2","Maturo"
"14",59,"M",6,"Italia","2","Maturo"
"14",29,"F",6,"Italia","3","Giovane"
"14",49,"M",7.5,"Italia","1","Adulto"
"14",52,"M",7,"Italia","1","Maturo"
"14",61,"F",6.5,"Italia","2","Maturo"
"14",25,"M",6.5,"Altri","3","Ragazzo"
"14",62,"F",6,"Francia","2","Maturo"
"14",66,"M",7,"Italia","1","Anziano"
"14",45,"F",7,"Italia","1","Adulto"
"14",24,"M",6.5,"USA","3","Ragazzo"
"14",36,"M",8.5,"Italia","1","Adulto"
"14",52,"M",7,"Italia","1","Maturo"
"14",60,"M",6,"USA","2","Maturo"
"14",52,"F",5.5,"Francia","2","Maturo"
"14",66,"F",8,"USA","1","Anziano"
"14",24,"F",6,"USA","3","Ragazzo"
"14",59,"F",7,"Altri","1","Maturo"
"14",58,"F",5,"Altri","2","Maturo"
"14",28,"F",7,"USA","3","Giovane"
"14",60,"M",8,"Italia","1","Maturo"
"14",63,"F",6,"Italia","2","Maturo"
"14",22,"M",5.5,"Francia","3","Ragazzo"
"14",62,"M",7.5,"Italia","1","Maturo"
"14",37,"M",6.5,"Altri","3","Adulto"
"14",59,"M",6,"Italia","2","Maturo"
"14",28,"M",6.5,"Italia","3","Giovane"
"14",57,"M",6.5,"Altri","2","Maturo"
"14",27,"F",7,"Italia","3","Giovane"
"14",56,"F",7.5,"USA","1","Maturo"
"14",27,"M",7,"Italia","3","Giovane"
"14",59,"F",7.5,"Francia","1","Maturo"
"14",64,"F",8,"USA","1","Maturo"
"14",60,"F",7.5,"Italia","1","Maturo"
"14",61,"F",7,"Italia","1","Maturo"
"14",59,"M",6.5,"Francia","2","Maturo"
"14",23,"M",6.5,"Altri","3","Ragazzo"
"14",24,"F",6,"USA","3","Ragazzo"
"14",34,"F",7,"USA","3","Giovane"
"14",21,"M",7,"USA","3","Ragazzo"
"14",23,"F",7,"Altri","3","Ragazzo"
"14",61,"M",7.5,"Italia","1","Maturo"
"14",27,"M",6,"USA","3","Giovane"
"14",27,"M",5.5,"USA","3","Giovane"
"14",64,"M",6.5,"USA","2","Maturo"
"14",61,"M",6.5,"Francia","2","Maturo"
"14",29,"M",7.5,"Francia","3","Giovane"
"14",29,"F",7,"Italia","3","Giovane"
"14",52,"M",6,"Italia","2","Maturo"
"14",58,"M",8,"USA","1","Maturo"
"14",62,"M",5.5,"Italia","2","Maturo"
"14",66,"F",7,"Italia","1","Anziano"
"14",31,"F",8,"Italia","3","Giovane"
"14",30,"M",6,"Italia","3","Giovane"
"14",63,"F",5.5,"Italia","2","Maturo"
"14",55,"F",5,"Altri","2","Maturo"
"14",31,"M",6.5,"Altri","3","Giovane"
"14",49,"F",5,"Italia","2","Adulto"
"14",58,"M",5,"Francia","2","Maturo"
"14",23,"M",5.5,"Francia","3","Ragazzo"
"14",33,"F",7.5,"USA","3","Giovane"
"14",25,"M",6,"Italia","3","Ragazzo"
"14",62,"F",7,"USA","1","Maturo"
"14",60,"F",5.5,"USA","2","Maturo"
"14",28,"M",6,"Italia","3","Giovane"
"14",66,"F",8.5,"Altri","1","Anziano"
"14",28,"F",6.5,"Francia","3","Giovane"
"14",59,"F",6,"Italia","2","Maturo"
"14",58,"F",7,"USA","1","Maturo"
"14",58,"M",6.5,"USA","2","Maturo"
"14",55,"M",6.5,"Altri","2","Maturo"
"14",36,"M",6.5,"Francia","3","Adulto"
"14",23,"M",6,"Italia","3","Ragazzo"
"14",57,"M",7,"Francia","1","Maturo"
"14",29,"M",7,"Francia","3","Giovane"
"14",61,"F",7,"Italia","1","Maturo"
"14",58,"M",7.5,"USA","1","Maturo"
"14",60,"M",7.5,"Francia","1","Maturo"
"14",63,"M",7,"USA","1","Maturo"
"14",63,"M",6.5,"USA","2","Maturo"
"14",57,"M",5,"Francia","2","Maturo"
"14",26,"M",5,"USA","3","Giovane"
"14",33,"F",7.5,"Italia","3","Giovane"
"14",53,"F",6,"Italia","2","Maturo"
"14",51,"M",5,"Altri","2","Maturo"
"14",32,"M",6,"Italia","3","Giovane"
"14",62,"M",8.5,"Francia","1","Maturo"
"14",52,"M",6.5,"USA","2","Maturo"
"14",59,"F",6.5,"Francia","2","Maturo"
"14",59,"F",7.5,"USA","1","Maturo"
"14",64,"M",8.5,"USA","1","Maturo"
"14",62,"F",8,"Italia","1","Maturo"
"14",62,"M",6.5,"Italia","2","Maturo"
"14",60,"M",7,"Francia","1","Maturo"
"14",23,"M",7,"USA","3","Ragazzo"
"14",59,"F",4.5,"Francia","2","Maturo"
"14",28,"F",8.5,"Italia","3","Giovane"
"14",58,"M",6.5,"Italia","2","Maturo"
"14",24,"F",8.5,"Francia","3","Ragazzo"
"14",29,"F",6.5,"Francia","3","Giovane"
"14",38,"M",7.5,"USA","3","Adulto"
"14",25,"M",8,"Italia","3","Ragazzo"
"15",57,"F",6,"USA","2","Maturo"
"15",59,"M",4.5,"Francia","2","Maturo"
"15",30,"F",6,"USA","3","Giovane"
"15",56,"M",5,"Italia","2","Maturo"
"15",25,"M",4.5,"USA","3","Ragazzo"
"15",27,"F",5.5,"Italia","3","Giovane"
"15",26,"M",6,"Francia","3","Giovane"
"15",58,"F",5,"USA","2","Maturo"
"15",56,"F",5.5,"USA","2","Maturo"
"15",25,"F",6,"Francia","3","Ragazzo"
"15",22,"M",6.5,"Italia","3","Ragazzo"
"15",52,"M",6,"Altri","2","Maturo"
"15",53,"F",6.5,"USA","2","Maturo"
"15",33,"M",5.5,"Italia","3","Giovane"
"15",57,"F",5.5,"Francia","2","Maturo"
"15",58,"M",6,"Italia","2","Maturo"
"15",62,"F",6,"Francia","2","Maturo"
"15",26,"F",6.5,"Italia","3","Giovane"
"15",56,"M",5,"Italia","2","Maturo"
"15",65,"F",5.5,"Altri","2","Anziano"
"15",21,"M",5,"Francia","3","Ragazzo"
"15",25,"M",5.5,"USA","3","Ragazzo"
"15",24,"M",5.5,"Francia","3","Ragazzo"
"15",64,"F",7.5,"Altri","1","Maturo"
"15",30,"M",6.5,"USA","3","Giovane"
"15",23,"F",5,"Italia","3","Ragazzo"
"15",41,"M",5,"USA","2","Adulto"
"15",24,"M",5,"Francia","3","Ragazzo"
"15",59,"M",6,"USA","2","Maturo"
"15",62,"M",6,"Italia","2","Maturo"
"15",28,"M",5,"Italia","3","Giovane"
"15",57,"M",5.5,"USA","2","Maturo"
"15",58,"F",6.5,"Altri","2","Maturo"
"15",30,"F",4,"Italia","2","Giovane"
"15",64,"M",4.5,"Italia","2","Maturo"
"15",31,"F",7,"Italia","3","Giovane"
"15",64,"M",4,"Francia","2","Maturo"
"15",53,"M",4.5,"Italia","2","Maturo"
"15",56,"F",5.5,"USA","2","Maturo"
"15",60,"F",5.5,"Italia","2","Maturo"
"15",54,"M",6,"Italia","2","Maturo"
"15",55,"F",6,"USA","2","Maturo"
"15",62,"M",6,"Altri","2","Maturo"
"15",56,"M",5.5,"Italia","2","Maturo"
"15",24,"M",7,"Italia","3","Ragazzo"
"15",49,"M",7,"Italia","1","Adulto"
"15",31,"F",5.5,"Altri","3","Giovane"
"15",25,"M",5.5,"Francia","3","Ragazzo"
"15",62,"M",6.5,"Altri","2","Maturo"
"15",58,"M",4,"Italia","2","Maturo"
"15",26,"M",6.5,"Altri","3","Giovane"
"15",64,"M",5,"Italia","2","Maturo"
"15",59,"F",6,"Italia","2","Maturo"
"15",23,"M",4.5,"Francia","3","Ragazzo"
"15",28,"F",5.5,"USA","3","Giovane"
"15",23,"M",5.5,"Italia","3","Ragazzo"
"15",23,"M",5,"Italia","3","Ragazzo"
"15",54,"M",6,"Altri","2","Maturo"
"15",57,"F",7,"Francia","1","Maturo"
"15",60,"F",5.5,"USA","2","Maturo"
"15",31,"F",6.5,"Italia","3","Giovane"
"15",56,"M",5,"USA","2","Maturo"
"15",51,"F",5.5,"USA","2","Maturo"
"15",28,"M",6.5,"Italia","3","Giovane"
"15",55,"F",6,"Italia","2","Maturo"
"15",21,"F",7,"Altri","3","Ragazzo"
"15",23,"F",6,"Altri","3","Ragazzo"
"15",36,"F",6,"Italia","3","Adulto"
"15",31,"M",5.5,"Italia","3","Giovane"
"15",61,"M",5.5,"Italia","2","Maturo"
"15",50,"M",6,"USA","2","Adulto"
"15",29,"M",5,"Altri","3","Giovane"
"15",56,"M",6,"USA","2","Maturo"
"15",59,"M",4.5,"Italia","2","Maturo"
"15",69,"M",5,"Francia","2","Anziano"
"15",24,"M",5,"USA","3","Ragazzo"
"15",49,"F",5.5,"Italia","2","Adulto"
"15",49,"F",6.5,"USA","2","Adulto"
"15",51,"M",4.5,"Francia","2","Maturo"
"15",56,"M",5,"USA","2","Maturo"
"15",51,"F",6,"Italia","2","Maturo"
"15",64,"M",5,"Francia","2","Maturo"
"15",63,"F",6.5,"Francia","2","Maturo"
"15",60,"F",6,"USA","2","Maturo"
"15",36,"F",7,"Italia","3","Adulto"
"15",61,"F",7.5,"USA","1","Maturo"
"15",60,"M",5.5,"Italia","2","Maturo"
"15",62,"M",6,"Italia","2","Maturo"
"15",34,"F",5.5,"Italia","3","Giovane"
"15",60,"F",7,"Italia","1","Maturo"
"15",56,"F",5.5,"USA","2","Maturo"
"15",21,"M",6.5,"USA","3","Ragazzo"
"15",29,"M",7,"USA","3","Giovane"
"15",21,"F",8,"Altri","3","Ragazzo"
"15",62,"M",4.5,"Italia","2","Maturo"
"15",26,"M",7.5,"Francia","3","Giovane"
"16",27,"M",6,"Altri","3","Giovane"
"16",45,"M",7.5,"Italia","1","Adulto"
"16",57,"F",7,"Francia","1","Maturo"
"16",25,"F",6.5,"Italia","3","Ragazzo"
"16",61,"F",5.5,"Francia","2","Maturo"
"16",52,"M",6.5,"Italia","2","Maturo"
"16",28,"M",5,"Francia","3","Giovane"
"16",69,"F",8,"USA","1","Anziano"
"16",23,"M",6.5,"Altri","3","Ragazzo"
"16",28,"M",8,"Altri","3","Giovane"
"16",63,"F",6.5,"Italia","2","Maturo"
"16",23,"F",6,"Francia","3","Ragazzo"
"16",27,"M",5.5,"Altri","3","Giovane"
"16",23,"M",6,"Italia","3","Ragazzo"
"16",56,"M",5.5,"USA","2","Maturo"
"16",27,"F",6.5,"USA","3","Giovane"
"16",53,"F",9,"USA","1","Maturo"
"16",39,"F",6,"Francia","3","Adulto"
"16",63,"F",5.5,"Italia","2","Maturo"
"16",23,"F",5,"Francia","3","Ragazzo"
"16",58,"M",6,"USA","2","Maturo"
"16",58,"M",5,"USA","2","Maturo"
"16",63,"M",5.5,"Francia","2","Maturo"
"16",60,"M",7,"USA","1","Maturo"
"16",37,"F",7.5,"USA","3","Adulto"
"16",36,"M",6.5,"Italia","3","Adulto"
"16",53,"F",7.5,"Italia","1","Maturo"
"16",24,"M",6.5,"USA","3","Ragazzo"
"16",32,"M",7,"Italia","3","Giovane"
"16",54,"M",6.5,"USA","2","Maturo"
"16",25,"F",6.5,"Italia","3","Ragazzo"
"16",27,"M",6,"USA","3","Giovane"
"16",61,"F",6,"USA","2","Maturo"
"16",26,"F",7,"Italia","3","Giovane"
"16",52,"M",5,"USA","2","Maturo"
"16",33,"M",5.5,"USA","3","Giovane"
"16",57,"F",6,"Italia","2","Maturo"
"16",37,"F",6,"USA","3","Adulto"
"16",64,"F",5.5,"Altri","2","Maturo"
"16",58,"F",8,"Francia","1","Maturo"
"16",62,"M",5,"USA","2","Maturo"
"16",32,"F",6.5,"Italia","3","Giovane"
"16",26,"M",6,"Francia","3","Giovane"
"16",65,"M",6,"Italia","2","Anziano"
"16",46,"M",7,"Italia","1","Adulto"
"16",64,"M",8,"Altri","1","Maturo"
"16",61,"F",4,"Altri","2","Maturo"
"16",28,"M",7,"USA","3","Giovane"
"16",66,"F",8,"USA","1","Anziano"
"16",32,"M",5,"Italia","3","Giovane"
"16",57,"F",6,"Francia","2","Maturo"
"16",58,"M",5,"Italia","2","Maturo"
"16",28,"F",5.5,"Altri","3","Giovane"
"16",62,"F",7,"Altri","1","Maturo"
"16",26,"M",6.5,"Altri","3","Giovane"
"16",39,"F",6,"Francia","3","Adulto"
"16",57,"F",4.5,"Francia","2","Maturo"
"16",53,"M",7.5,"Altri","1","Maturo"
"16",64,"M",5.5,"Italia","2","Maturo"
"16",22,"M",6,"USA","3","Ragazzo"
"16",66,"M",3.5,"Italia","2","Anziano"
"16",58,"F",6,"Francia","2","Maturo"
"16",58,"M",6,"Francia","2","Maturo"
"16",60,"M",7,"Francia","1","Maturo"
"16",52,"F",7,"USA","1","Maturo"
"16",27,"M",6.5,"Italia","3","Giovane"
"16",37,"M",6.5,"Italia","3","Adulto"
"16",22,"M",7,"USA","3","Ragazzo"
"16",56,"M",5.5,"Francia","2","Maturo"
"16",37,"M",4.5,"Italia","2","Adulto"
"16",55,"M",6.5,"Altri","2","Maturo"
"17",25,"M",7,"Italia","3","Ragazzo"
"17",60,"M",7.5,"Italia","1","Maturo"
"17",60,"M",7.5,"USA","1","Maturo"
"17",62,"M",6,"Italia","2","Maturo"
"17",63,"M",6.5,"Francia","2","Maturo"
"17",62,"M",7.5,"Italia","1","Maturo"
"17",51,"M",7,"USA","1","Maturo"
"17",32,"M",8,"USA","3","Giovane"
"17",60,"F",5.5,"USA","2","Maturo"
"17",32,"F",7.5,"Italia","3","Giovane"
"17",24,"M",6.5,"Italia","3","Ragazzo"
"17",64,"M",6,"Italia","2","Maturo"
"17",61,"M",7.5,"USA","1","Maturo"
"17",59,"M",5.5,"Italia","2","Maturo"
"17",28,"F",6,"Italia","3","Giovane"
"17",56,"F",5.5,"Italia","2","Maturo"
"17",53,"M",6.5,"Italia","2","Maturo"
"17",60,"F",7.5,"USA","1","Maturo"
"17",53,"F",6,"Francia","2","Maturo"
"17",23,"M",6.5,"USA","3","Ragazzo"
"17",62,"M",7,"Italia","1","Maturo"
"17",22,"M",6,"Italia","3","Ragazzo"
"17",26,"F",7.5,"Italia","3","Giovane"
"17",62,"M",6.5,"USA","2","Maturo"
"17",57,"M",7,"Italia","1","Maturo"
"17",64,"M",7,"USA","1","Maturo"
"17",62,"M",6,"USA","2","Maturo"
"17",61,"F",6,"Italia","2","Maturo"
"17",56,"M",6.5,"Francia","2","Maturo"
"17",67,"F",5,"Italia","2","Anziano"
"17",51,"M",7.5,"Italia","1","Maturo"
"17",53,"F",5.5,"Francia","2","Maturo"
"17",25,"M",6,"Italia","3","Ragazzo"
"17",29,"F",7,"USA","3","Giovane"
"17",29,"M",6.5,"Altri","3","Giovane"
"17",62,"M",5,"Altri","2","Maturo"
"17",60,"F",6.5,"Francia","2","Maturo"
"17",59,"M",7,"Altri","1","Maturo"
"17",32,"M",5,"Francia","3","Giovane"
"17",23,"F",7,"USA","3","Ragazzo"
"17",25,"M",7,"USA","3","Ragazzo"
"17",61,"M",5.5,"USA","2","Maturo"
"17",35,"F",5.5,"USA","3","Giovane"
"17",50,"M",7,"Francia","1","Adulto"
"17",46,"M",6.5,"USA","2","Adulto"
"17",60,"M",5.5,"Italia","2","Maturo"
"17",64,"F",6,"Francia","2","Maturo"
"17",64,"M",6,"Altri","2","Maturo"
"17",22,"M",6.5,"Italia","3","Ragazzo"
"17",66,"M",6.5,"Italia","2","Anziano"
"17",39,"F",6.5,"USA","3","Adulto"
"17",62,"M",7,"Francia","1","Maturo"
"17",20,"F",7.5,"USA","3","Ragazzo"
"17",33,"F",7.5,"USA","3","Giovane"
"17",54,"F",6.5,"Italia","2","Maturo"
"17",59,"M",6,"Italia","2","Maturo"
"17",31,"M",5.5,"USA","3","Giovane"
"17",56,"M",8,"Francia","1","Maturo"
"17",59,"F",7.5,"USA","1","Maturo"
"17",47,"M",6.5,"Italia","2","Adulto"
"17",60,"F",5.5,"USA","2","Maturo"
"17",59,"F",6.5,"USA","2","Maturo"
"17",27,"M",7,"Italia","3","Giovane"
"17",36,"F",6.5,"Italia","3","Adulto"
"17",65,"F",7,"Francia","1","Anziano"
"17",59,"F",4.5,"USA","2","Maturo"
"17",60,"M",7,"Francia","1","Maturo"
"17",62,"F",4.5,"Francia","2","Maturo"
"17",22,"F",7,"USA","3","Ragazzo"
"17",39,"F",6,"Italia","3","Adulto"
"17",59,"M",6,"Francia","2","Maturo"
"17",67,"M",8,"Italia","1","Anziano"
"17",33,"M",6.5,"USA","3","Giovane"
"17",63,"F",7,"Altri","1","Maturo"
"17",21,"F",6,"Altri","3","Ragazzo"
"17",56,"M",7,"Italia","1","Maturo"
"17",62,"F",6,"Francia","2","Maturo"
"17",61,"M",8,"Altri","1","Maturo"
"17",55,"F",7,"Altri","1","Maturo"
"17",31,"M",6.5,"Altri","3","Giovane"
"17",25,"M",6,"Francia","3","Ragazzo"
"17",50,"M",6.5,"USA","2","Adulto"
"17",66,"M",6.5,"USA","2","Anziano"
"17",27,"F",7,"USA","3","Giovane"
"17",52,"F",6,"Francia","2","Maturo"
"17",55,"M",7,"Italia","1","Maturo"
"17",64,"M",6,"USA","2","Maturo"
"17",60,"F",5.5,"USA","2","Maturo"
"17",66,"F",6,"USA","2","Anziano"
"17",24,"M",7,"Italia","3","Ragazzo"
"17",52,"F",7,"Altri","1","Maturo"
"17",25,"F",7.5,"Altri","3","Ragazzo"
"17",20,"F",7,"Francia","3","Ragazzo"
"17",20,"M",7,"USA","3","Ragazzo"
"17",57,"M",5.5,"USA","2","Maturo"
"17",55,"M",7,"Italia","1","Maturo"
"17",31,"M",8,"USA","3","Giovane"
"17",64,"M",6.5,"Italia","2","Maturo"
"17",63,"F",7,"Italia","1","Maturo"
"17",61,"M",7,"Altri","1","Maturo"
"17",59,"F",6,"USA","2","Maturo"
"17",59,"F",6,"Italia","2","Maturo"
"17",49,"M",7.5,"Italia","1","Adulto"
"17",66,"M",4.5,"Francia","2","Anziano"
"17",55,"M",7.5,"Francia","1","Maturo"
"17",29,"M",6,"USA","3","Giovane"
"17",62,"M",6,"Francia","2","Maturo"
"17",21,"F",6,"Altri","3","Ragazzo"
"17",62,"M",6.5,"Italia","2","Maturo"
"17",28,"M",8,"USA","3","Giovane"
"17",40,"M",7,"USA","3","Adulto"
"17",28,"M",7,"USA","3","Giovane"
"17",56,"M",5.5,"Francia","2","Maturo"
"17",57,"F",6.5,"USA","2","Maturo"
"17",61,"M",7.5,"Italia","1","Maturo"
"17",53,"F",8,"USA","1","Maturo"
"17",58,"M",7,"Altri","1","Maturo"
"17",28,"F",8,"Italia","3","Giovane"
"17",25,"M",8,"USA","3","Ragazzo"
"17",62,"M",6.5,"USA","2","Maturo"
"17",20,"M",6,"USA","3","Ragazzo"
"17",23,"F",7,"USA","3","Ragazzo"
"17",54,"F",6.5,"USA","2","Maturo"
"17",57,"F",6,"Italia","2","Maturo"
"17",60,"M",7,"Italia","1","Maturo"
"17",59,"M",5.5,"Francia","2","Maturo"
"17",59,"F",5.5,"Italia","2","Maturo"
"17",54,"M",5.5,"USA","2","Maturo"
"17",55,"M",7.5,"Italia","1","Maturo"
"17",61,"F",6,"Francia","2","Maturo"
"17",55,"M",6.5,"USA","2","Maturo"
"17",61,"M",8.5,"USA","1","Maturo"
"17",57,"M",8,"Italia","1","Maturo"
"17",45,"M",7.5,"USA","1","Adulto"
"17",55,"M",6.5,"USA","2","Maturo"
"17",54,"F",6.5,"Italia","2","Maturo"
"17",64,"M",8.5,"Altri","1","Maturo"
"17",62,"M",7,"Italia","1","Maturo"
"17",56,"M",6.5,"USA","2","Maturo"
"17",34,"M",6.5,"USA","3","Giovane"
"17",31,"M",6,"Altri","3","Giovane"
"17",33,"F",7.5,"Francia","3","Giovane"
"17",56,"M",7,"Francia","1","Maturo"
"17",29,"M",6,"USA","3","Giovane"
"17",24,"M",6.5,"USA","3","Ragazzo"
"17",58,"M",6,"Francia","2","Maturo"
"17",57,"F",6,"Francia","2","Maturo"
"17",22,"F",6.5,"Italia","3","Ragazzo"
"17",21,"M",6,"USA","3","Ragazzo"
"17",61,"M",7.5,"USA","1","Maturo"
"17",34,"M",6.5,"USA","3","Giovane"
"17",28,"F",8.5,"Francia","3","Giovane"
"17",31,"M",8,"USA","3","Giovane"
"17",53,"M",7,"USA","1","Maturo"
"17",60,"M",6,"Francia","2","Maturo"
"17",40,"M",7.5,"Italia","3","Adulto"
"17",60,"F",6,"Italia","2","Maturo"
"17",61,"F",6.5,"Altri","2","Maturo"
"17",29,"F",7.5,"Francia","3","Giovane"
"17",52,"M",6,"Francia","2","Maturo"
"17",27,"M",6,"Altri","3","Giovane"
"17",31,"M",6.5,"USA","3","Giovane"
"17",22,"F",7.5,"Francia","3","Ragazzo"
"17",56,"F",6,"Francia","2","Maturo"
"17",58,"M",6,"Italia","2","Maturo"
"17",23,"F",4.5,"Italia","3","Ragazzo"
"17",60,"M",9,"Francia","1","Maturo"
"17",30,"M",6.5,"USA","3","Giovane"
"17",25,"M",7,"Francia","3","Ragazzo"
"17",25,"F",7.5,"Francia","3","Ragazzo"
"17",21,"F",6.5,"Altri","3","Ragazzo"
"17",61,"M",7,"Altri","1","Maturo"
"17",25,"M",6.5,"Italia","3","Ragazzo"
"17",48,"F",7.5,"Altri","1","Adulto"
"17",57,"M",6.5,"Italia","2","Maturo"
"17",59,"F",6,"USA","2","Maturo"
"17",27,"F",7,"Italia","3","Giovane"
"17",61,"F",8,"Altri","1","Maturo"
"17",64,"M",5.5,"USA","2","Maturo"
"17",60,"F",7,"Francia","1","Maturo"
"17",51,"F",6.5,"Italia","2","Maturo"
"17",22,"F",5,"USA","3","Ragazzo"
"17",27,"M",6.5,"USA","3","Giovane"
"17",63,"M",4.5,"Francia","2","Maturo"
"17",52,"F",7,"Italia","1","Maturo"
"17",57,"M",7.5,"Italia","1","Maturo"
"17",58,"M",6,"Italia","2","Maturo"
"17",58,"M",6.5,"USA","2","Maturo"
"17",21,"F",7,"Francia","3","Ragazzo"
"17",21,"F",7.5,"Italia","3","Ragazzo"
"17",59,"M",5,"USA","2","Maturo"
"17",48,"M",6.5,"Francia","2","Adulto"
"17",23,"M",6.5,"USA","3","Ragazzo"
"17",45,"F",7.5,"USA","1","Adulto"
"17",61,"M",8,"Italia","1","Maturo"
"17",31,"F",6.5,"USA","3","Giovane"
"17",54,"M",6.5,"USA","2","Maturo"
"17",26,"M",6,"Italia","3","Giovane"
"17",64,"F",6,"Francia","2","Maturo"
"17",38,"F",7,"Italia","3","Adulto"
"17",64,"M",5.5,"Francia","2","Maturo"
"17",22,"M",7.5,"Francia","3","Ragazzo"
"17",53,"M",6,"USA","2","Maturo"
"17",27,"M",6.5,"Francia","3","Giovane"
"17",30,"F",7.5,"Francia","3","Giovane"
"17",66,"M",5.5,"Italia","2","Anziano"
"17",24,"M",7,"Altri","3","Ragazzo"
"17",25,"M",7,"USA","3","Ragazzo"
"17",60,"M",6,"USA","2","Maturo"
"17",29,"M",7,"Italia","3","Giovane"
"17",29,"M",6,"USA","3","Giovane"
"17",64,"M",6.5,"Italia","2","Maturo"
"17",26,"F",7,"Italia","3","Giovane"
"17",66,"M",6,"Altri","2","Anziano"
"17",49,"F",7.5,"Italia","1","Adulto"
"17",62,"F",7,"Altri","1","Maturo"
"17",67,"M",8,"USA","1","Anziano"
"18",54,"M",7,"Altri","1","Maturo"
"18",59,"F",7,"Francia","1","Maturo"
"18",46,"F",7,"Altri","1","Adulto"
"18",50,"F",8.5,"USA","1","Adulto"
"18",58,"F",8.5,"Italia","1","Maturo"
"18",35,"F",7,"Italia","3","Giovane"
"18",47,"F",7.5,"Italia","1","Adulto"
"18",24,"F",8,"Italia","3","Ragazzo"
"18",30,"M",6.5,"Italia","3","Giovane"
"18",56,"M",5.5,"Italia","2","Maturo"
"18",57,"M",7.5,"USA","1","Maturo"
"18",63,"M",8.5,"Italia","1","Maturo"
"18",66,"F",7,"Francia","1","Anziano"
"18",24,"F",7.5,"Italia","3","Ragazzo"
"18",61,"M",7.5,"USA","1","Maturo"
"18",29,"M",7,"Francia","3","Giovane"
"18",59,"F",7.5,"Italia","1","Maturo"
"18",52,"M",6.5,"Italia","2","Maturo"
"18",61,"F",7,"USA","1","Maturo"
"18",32,"M",6,"Italia","3","Giovane"
"18",23,"F",7.5,"Francia","3","Ragazzo"
"18",34,"M",6.5,"USA","3","Giovane"
"18",67,"M",6,"Francia","2","Anziano"
"18",26,"M",6.5,"USA","3","Giovane"
"18",53,"F",7.5,"Italia","1","Maturo"
"18",23,"F",8,"Italia","3","Ragazzo"
"18",31,"M",7,"Italia","3","Giovane"
"18",60,"M",9,"Francia","1","Maturo"
"18",25,"M",6.5,"Italia","3","Ragazzo"
"18",31,"M",7,"USA","3","Giovane"
"18",52,"F",7.5,"USA","1","Maturo"
"18",28,"M",5,"Italia","3","Giovane"
"18",22,"M",8,"Altri","3","Ragazzo"
"18",65,"F",6.5,"Francia","2","Anziano"
"18",56,"M",7,"Italia","1","Maturo"
"18",66,"F",8,"Altri","1","Anziano"
"18",28,"M",6.5,"USA","3","Giovane"
"18",67,"M",7,"Francia","1","Anziano"
"18",60,"M",8,"USA","1","Maturo"
"18",60,"M",6,"USA","2","Maturo"
"18",28,"M",6.5,"Altri","3","Giovane"
"18",61,"M",8,"Italia","1","Maturo"
"18",55,"F",8,"Altri","1","Maturo"
"18",28,"M",6,"USA","3","Giovane"
"18",53,"M",7,"Altri","1","Maturo"
"18",28,"F",6.5,"Francia","3","Giovane"
"18",22,"M",7,"USA","3","Ragazzo"
"18",63,"M",8.5,"USA","1","Maturo"
"18",31,"F",7,"Francia","3","Giovane"
"18",56,"F",6.5,"Altri","2","Maturo"
"18",51,"F",7.5,"USA","1","Maturo"
"18",29,"F",7,"Francia","3","Giovane"
"18",56,"F",8,"Altri","1","Maturo"
"18",56,"M",7.5,"Italia","1","Maturo"
"18",60,"F",6.5,"Italia","2","Maturo"
"18",64,"F",8.5,"Altri","1","Maturo"
"18",66,"F",8,"Italia","1","Anziano"
"18",53,"M",7,"Italia","1","Maturo"
"18",25,"F",9,"Italia","3","Ragazzo"
"18",28,"M",7.5,"USA","3","Giovane"
"18",23,"F",7,"Francia","3","Ragazzo"
"18",55,"F",8.5,"Altri","1","Maturo"
"18",67,"F",7,"Altri","1","Anziano"
"18",36,"M",8,"Francia","3","Adulto"
"18",54,"M",8,"USA","1","Maturo"
"18",56,"F",7.5,"Francia","1","Maturo"
"18",26,"M",7,"Altri","3","Giovane"
"18",39,"M",6.5,"Italia","3","Adulto"
"18",25,"M",7.5,"Francia","3","Ragazzo"
"18",29,"F",7.5,"USA","3","Giovane"
"18",27,"F",8,"Italia","3","Giovane"
"18",66,"F",8,"Italia","1","Anziano"
"18",57,"M",7.5,"USA","1","Maturo"
"18",58,"M",7.5,"Italia","1","Maturo"
"18",22,"M",7,"USA","3","Ragazzo"
"18",23,"M",6.5,"Italia","3","Ragazzo"
"18",32,"F",8,"USA","3","Giovane"
"18",40,"F",7,"Italia","3","Adulto"
"18",58,"M",6.5,"Italia","2","Maturo"
"18",54,"F",8,"Italia","1","Maturo"
"18",62,"M",9,"Italia","1","Maturo"
"18",54,"M",6.5,"Altri","2","Maturo"
"18",32,"M",7.5,"USA","3","Giovane"
"18",31,"M",7.5,"USA","3","Giovane"
"18",55,"M",5.5,"Francia","2","Maturo"
"18",57,"M",7.5,"Italia","1","Maturo"
"18",64,"M",8.5,"Italia","1","Maturo"
"18",57,"F",8,"Italia","1","Maturo"
"18",50,"M",8,"Italia","1","Adulto"
"18",47,"M",6.5,"Francia","2","Adulto"
"18",64,"M",8,"Italia","1","Maturo"
"18",59,"M",6.5,"Altri","2","Maturo"
"18",62,"F",8,"Altri","1","Maturo"
"18",52,"M",7.5,"Italia","1","Maturo"
"18",35,"M",9,"Italia","1","Giovane"
"18",64,"M",6,"Italia","2","Maturo"
"18",59,"F",7.5,"USA","1","Maturo"
"18",26,"F",7,"USA","3","Giovane"
"18",52,"M",7,"Italia","1","Maturo"
"18",58,"M",7,"Italia","1","Maturo"
"18",33,"F",9,"Italia","1","Giovane"
"18",65,"F",6.5,"USA","2","Anziano"
"18",61,"M",8,"Italia","1","Maturo"
"18",32,"F",7,"Italia","3","Giovane"
"18",26,"M",6.5,"Italia","3","Giovane"
"18",29,"F",6.5,"Italia","3","Giovane"
"18",36,"M",8,"Altri","3","Adulto"
"19",32,"F",5.5,"Italia","3","Giovane"
"19",57,"M",8,"Italia","1","Maturo"
"19",63,"M",8,"Italia","1","Maturo"
"19",52,"F",5,"Italia","2","Maturo"
"19",59,"F",5.5,"Italia","2","Maturo"
"19",48,"F",6.5,"USA","2","Adulto"
"19",61,"F",6,"USA","2","Maturo"
"19",45,"F",6.5,"Francia","2","Adulto"
"19",49,"F",4.5,"Francia","2","Adulto"
"19",63,"M",6.5,"Italia","2","Maturo"
"19",55,"F",7.5,"Altri","1","Maturo"
"19",62,"F",8,"Altri","1","Maturo"
"19",29,"M",6,"Italia","3","Giovane"
"19",52,"F",7,"Italia","1","Maturo"
"19",24,"F",6,"Altri","3","Ragazzo"
"19",61,"M",6.5,"Altri","2","Maturo"
"19",50,"F",6.5,"USA","2","Adulto"
"19",68,"F",6,"Italia","2","Anziano"
"19",27,"M",7,"USA","3","Giovane"
"19",30,"F",7.5,"USA","3","Giovane"
"19",53,"F",7.5,"Italia","1","Maturo"
"19",53,"F",5.5,"Altri","2","Maturo"
"19",54,"F",6.5,"Italia","2","Maturo"
"19",62,"M",7.5,"Francia","1","Maturo"
"19",61,"M",6,"Altri","2","Maturo"
"19",32,"F",6.5,"Francia","3","Giovane"
"19",61,"M",7,"USA","1","Maturo"
"19",26,"F",6,"USA","3","Giovane"
"19",24,"M",5.5,"Italia","3","Ragazzo"
"19",60,"M",7.5,"Italia","1","Maturo"
"19",21,"F",5.5,"Francia","3","Ragazzo"
"19",60,"M",7,"Italia","1","Maturo"
"19",68,"F",6.5,"USA","2","Anziano"
"19",53,"M",7.5,"Altri","1","Maturo"
"19",61,"M",7.5,"Italia","1","Maturo"
"19",27,"M",7,"USA","3","Giovane"
"19",55,"M",7,"USA","1","Maturo"
"19",62,"F",6.5,"Italia","2","Maturo"
"19",61,"F",6,"USA","2","Maturo"
"19",63,"M",6.5,"Italia","2","Maturo"
"19",49,"F",7,"USA","1","Adulto"
"19",26,"F",7,"Altri","3","Giovane"
"19",58,"F",5.5,"USA","2","Maturo"
"19",28,"F",6.5,"Italia","3","Giovane"
"19",26,"M",5,"Altri","3","Giovane"
"19",66,"M",6.5,"Italia","2","Anziano"
"19",27,"F",5.5,"Italia","3","Giovane"
"19",26,"M",6,"USA","3","Giovane"
"19",56,"M",6,"Italia","2","Maturo"
"19",57,"M",4.5,"USA","2","Maturo"
"19",54,"M",6.5,"Francia","2","Maturo"
"19",62,"M",8,"Altri","1","Maturo"
"19",59,"F",5.5,"USA","2","Maturo"
"19",64,"M",6.5,"Italia","2","Maturo"
"19",65,"M",4.5,"USA","2","Anziano"
"19",30,"M",5,"Italia","3","Giovane"
"19",67,"F",7,"Altri","1","Anziano"
"19",54,"F",7,"Italia","1","Maturo"
"19",64,"M",5.5,"USA","2","Maturo"
"19",54,"M",6.5,"USA","2","Maturo"
"19",30,"M",5.5,"Francia","3","Giovane"
"19",53,"F",5.5,"Francia","2","Maturo"
"19",59,"M",5.5,"Italia","2","Maturo"
"19",36,"M",5,"Altri","2","Adulto"
"19",62,"M",7,"Italia","1","Maturo"
"19",58,"M",5.5,"Francia","2","Maturo"
"19",48,"F",4.5,"Altri","2","Adulto"
"19",30,"M",6.5,"Italia","3","Giovane"
"19",62,"M",6,"Italia","2","Maturo"
"19",55,"M",7,"Altri","1","Maturo"
"19",29,"M",5,"Italia","3","Giovane"
"19",48,"M",7,"Altri","1","Adulto"
"19",58,"M",7,"USA","1","Maturo"
"19",55,"M",7.5,"Altri","1","Maturo"
"19",54,"M",6.5,"Altri","2","Maturo"
"19",27,"M",6,"Italia","3","Giovane"
"19",57,"F",7,"USA","1","Maturo"
"19",56,"F",6,"Francia","2","Maturo"
"19",34,"F",6.5,"Italia","3","Giovane"
"19",33,"F",7,"Italia","3","Giovane"
"19",62,"F",7,"USA","1","Maturo"
"19",55,"M",6,"USA","2","Maturo"
"19",61,"M",8.5,"Francia","1","Maturo"
"19",61,"M",5.5,"USA","2","Maturo"
"19",20,"M",6.5,"Altri","3","Ragazzo"
"19",55,"M",5.5,"USA","2","Maturo"
"19",29,"M",6.5,"USA","3","Giovane"
"20",54,"M",6.5,"Italia","2","Maturo"
"20",53,"F",7,"USA","1","Maturo"
"20",21,"F",6,"Francia","3","Ragazzo"
"20",24,"M",6,"Altri","3","Ragazzo"
"20",24,"F",7,"Altri","3","Ragazzo"
"20",64,"F",4.5,"Francia","2","Maturo"
"20",46,"M",5.5,"Italia","2","Adulto"
"20",53,"F",6,"Italia","2","Maturo"
"20",57,"F",6,"Italia","2","Maturo"
"20",31,"F",5.5,"Italia","3","Giovane"
"20",54,"M",7,"USA","1","Maturo"
"20",55,"F",6,"Italia","2","Maturo"
"20",28,"F",5.5,"Italia","3","Giovane"
"20",64,"M",5,"Italia","2","Maturo"
"20",55,"F",7.5,"USA","1","Maturo"
"20",31,"F",6,"Francia","3","Giovane"
"20",30,"F",7.5,"Italia","3","Giovane"
"20",23,"F",6,"Francia","3","Ragazzo"
"20",32,"F",6.5,"USA","3","Giovane"
"20",67,"M",6.5,"Italia","2","Anziano"
"20",56,"M",7,"USA","1","Maturo"
"20",65,"F",7,"Altri","1","Anziano"
"20",63,"F",6,"Altri","2","Maturo"
"20",52,"M",6.5,"Italia","2","Maturo"
"20",27,"M",5.5,"Italia","3","Giovane"
"20",37,"F",7.5,"Italia","3","Adulto"
"20",32,"M",6.5,"Italia","3","Giovane"
"20",57,"M",4.5,"Italia","2","Maturo"
"20",56,"M",5.5,"Francia","2","Maturo"
"20",47,"F",6,"Italia","2","Adulto"
"20",34,"F",7,"Altri","3","Giovane"
"20",57,"F",6,"Italia","2","Maturo"
"20",32,"F",7,"Italia","3","Giovane"
"20",47,"F",5.5,"Italia","2","Adulto"
"20",64,"M",6.5,"Italia","2","Maturo"
"20",53,"F",8,"Italia","1","Maturo"
"20",57,"M",6,"Altri","2","Maturo"
"20",66,"F",6,"Italia","2","Anziano"
"20",66,"F",7,"Francia","1","Anziano"
"20",58,"M",6,"Altri","2","Maturo"
"20",60,"M",6,"Italia","2","Maturo"
"20",21,"F",7,"Altri","3","Ragazzo"
"20",64,"F",8,"USA","1","Maturo"
"20",22,"M",7,"USA","3","Ragazzo"
"20",57,"M",6,"Francia","2","Maturo"
"20",66,"M",6,"Italia","2","Anziano"
"20",55,"F",8.5,"Italia","1","Maturo"
"20",30,"M",6,"USA","3","Giovane"
"20",57,"M",5,"Francia","2","Maturo"
"20",64,"M",6.5,"Italia","2","Maturo"
"20",62,"M",5.5,"USA","2","Maturo"
"20",61,"M",6.5,"USA","2","Maturo"
"20",29,"F",7.5,"Italia","3","Giovane"
"20",59,"M",6.5,"Italia","2","Maturo"
"20",62,"F",5.5,"USA","2","Maturo"
"20",61,"F",5.5,"Italia","2","Maturo"
"20",62,"F",6.5,"Altri","2","Maturo"
"20",58,"F",5.5,"Francia","2","Maturo"
"20",25,"M",6,"USA","3","Ragazzo"
"20",28,"M",6,"Italia","3","Giovane"
"20",33,"M",5.5,"Francia","3","Giovane"
"20",65,"F",8.5,"Italia","1","Anziano"
"20",61,"M",5.5,"Italia","2","Maturo"
"20",32,"M",6.5,"USA","3","Giovane"
"20",65,"F",5.5,"Italia","2","Anziano"
"20",62,"M",7.5,"USA","1","Maturo"
"20",60,"M",6.5,"Altri","2","Maturo"
"20",61,"M",7,"USA","1","Maturo"
"20",61,"F",4,"USA","2","Maturo"
"20",30,"M",6,"Italia","3","Giovane"
"20",26,"F",7.5,"Italia","3","Giovane"
"20",54,"M",6,"Italia","2","Maturo"
"20",31,"M",6.5,"USA","3","Giovane"
"20",61,"M",5,"Francia","2","Maturo"
"20",24,"M",6.5,"Italia","3","Ragazzo"
"20",63,"F",4.5,"Italia","2","Maturo"
"20",25,"F",7,"Italia","3","Ragazzo"
"20",55,"M",6.5,"Italia","2","Maturo"
"20",64,"F",6.5,"Italia","2","Maturo"
"20",61,"F",5.5,"Italia","2","Maturo"
"20",25,"F",6.5,"USA","3","Ragazzo"
"20",21,"M",6.5,"USA","3","Ragazzo"
"20",50,"M",5,"Altri","2","Adulto"
"20",57,"F",6,"Francia","2","Maturo"
"20",29,"M",6,"Altri","3","Giovane"
"20",60,"M",7,"Italia","1","Maturo"
"20",61,"M",6,"USA","2","Maturo"
"20",56,"M",5,"Italia","2","Maturo"
"20",26,"F",6,"Italia","3","Giovane"
"20",62,"F",6,"USA","2","Maturo"
"20",51,"F",6.5,"Italia","2","Maturo"
