review_id,wine_id,età,sesso,nazionalità,valutazione
1,1,62,M,Italia,5.0
2,1,31,M,Italia,5.0
3,1,62,M,USA,6.0
4,1,60,F,Italia,7.5
5,1,62,F,Italia,4.5
6,1,64,F,Altri,5.5
7,1,61,F,Francia,6.5
8,1,57,M,USA,6.0
9,1,37,F,Italia,5.5
10,1,62,F,USA,6.0
11,1,28,F,Italia,7.0
12,1,66,M,USA,8.5
13,1,32,F,Italia,6.5
14,1,57,M,USA,6.5
15,1,59,F,Altri,7.5
16,1,23,F,Altri,4.5
17,1,27,F,Altri,6.5
18,1,63,F,Italia,5.5
19,1,58,M,Italia,6.0
20,1,61,M,Altri,6.5
21,1,65,M,Francia,7.0
22,1,60,M,Francia,6.5
23,1,39,F,Italia,7.0
24,1,59,M,Altri,6.5
25,1,66,M,Italia,5.0
26,1,62,M,Italia,5.0
27,1,62,M,Francia,5.0
28,1,31,M,USA,6.5
29,1,36,F,Altri,9.0
30,1,64,M,Italia,5.0
31,1,26,M,Italia,8.0
32,1,64,M,Italia,5.0
33,1,58,M,Italia,5.0
34,1,25,M,Altri,6.0
35,1,59,M,USA,6.5
36,1,29,F,Italia,6.0
37,1,56,M,Altri,6.5
38,1,24,M,Italia,7.0
39,1,59,F,USA,6.0
40,1,27,M,Altri,6.5
41,1,55,F,USA,6.0
42,1,64,F,USA,7.0
43,1,24,M,Francia,5.0
44,1,56,M,Francia,5.5
45,1,51,F,USA,5.5
46,1,49,F,Francia,7.0
47,1,59,M,Altri,8.0
48,1,27,M,Italia,5.5
49,1,60,M,USA,5.5
50,1,53,M,USA,5.5
51,1,24,F,Italia,5.5
52,1,25,F,USA,5.0
53,1,59,M,Italia,4.5
54,1,61,M,Francia,3.5
55,1,29,F,Italia,7.0
56,1,32,F,Italia,7.5
57,1,21,M,Italia,6.0
58,1,25,M,Italia,6.0
59,1,50,F,USA,7.0
60,1,23,M,Italia,6.5
61,1,57,F,Italia,5.5
62,1,20,M,Francia,5.0
63,1,59,M,Italia,5.5
64,1,60,F,USA,6.0
65,1,28,F,Italia,5.0
66,1,53,M,USA,7.0
67,1,59,F,Italia,5.0
68,1,61,F,Italia,6.0
69,1,30,M,Italia,7.0
70,1,28,M,Altri,7.0
71,1,60,M,Francia,5.5
72,1,57,M,Italia,4.5
73,1,25,M,Altri,4.5
74,1,22,M,USA,6.5
75,1,56,M,Italia,6.5
76,1,23,M,Francia,5.5
77,1,56,M,Italia,6.0
78,1,66,F,USA,4.5
79,1,47,M,Francia,4.5
80,1,57,F,USA,7.5
81,1,61,F,Francia,5.5
82,1,56,M,Francia,7.5
83,1,66,F,Francia,6.5
84,1,56,M,Italia,5.5
85,1,63,F,Francia,3.0
86,1,63,F,Italia,6.5
87,1,56,F,Francia,7.0
88,1,53,F,Italia,5.5
89,1,54,M,USA,6.0
90,1,30,M,Italia,6.0
91,1,55,M,Italia,6.0
92,1,29,F,Francia,5.5
93,1,50,F,Francia,6.0
94,1,26,F,USA,7.0
95,1,57,M,USA,5.5
96,1,22,M,Italia,7.0
97,1,63,M,Altri,4.5
98,1,51,M,Italia,5.5
99,1,57,M,Italia,5.5
100,1,25,M,USA,7.5
101,1,21,F,USA,6.0
102,1,24,F,Italia,6.5
103,1,63,M,Italia,6.0
104,1,61,M,Italia,6.5
105,1,55,F,Altri,5.5
106,1,57,F,Francia,8.0
107,1,25,F,Italia,7.5
108,1,57,M,Francia,5.5
109,1,62,M,USA,7.5
110,1,22,M,Italia,6.0
111,1,52,M,Italia,5.5
112,1,41,F,Francia,5.0
113,1,60,M,Italia,5.0
114,1,66,M,Italia,6.0
115,1,63,M,Francia,6.0
116,1,57,M,Italia,5.0
117,1,66,M,Francia,5.0
118,1,67,F,Italia,7.0
119,2,65,F,Francia,8.0
120,2,26,M,Altri,6.0
121,2,25,M,USA,6.5
122,2,51,M,Italia,8.0
123,2,52,M,Francia,7.5
124,2,60,F,USA,6.0
125,2,55,F,Francia,5.0
126,2,59,F,USA,5.0
127,2,59,F,Francia,5.5
128,2,61,M,Altri,6.5
129,2,60,M,Italia,5.5
130,2,58,M,Italia,6.0
131,2,30,F,USA,6.5
132,2,27,F,Italia,6.0
133,2,55,M,Italia,5.5
134,2,54,M,USA,7.5
135,2,64,M,Altri,5.5
136,2,63,F,USA,6.5
137,2,35,F,Italia,6.0
138,2,29,F,USA,6.5
139,2,63,M,Italia,5.5
140,2,64,F,USA,5.5
141,2,31,M,Italia,7.0
142,2,32,F,USA,6.5
143,2,56,F,Italia,6.5
144,2,55,M,Italia,6.5
145,2,63,F,Italia,6.5
146,2,66,F,Altri,8.0
147,2,31,M,Francia,6.5
148,2,57,F,Francia,6.0
149,2,29,M,Francia,5.5
150,2,63,M,Italia,6.5
151,2,64,M,Italia,4.0
152,2,64,M,USA,6.5
153,2,63,M,Italia,7.0
154,2,63,M,Italia,5.5
155,2,48,M,Italia,6.0
156,2,63,M,Italia,5.5
157,2,26,M,Francia,6.5
158,2,29,F,Francia,7.0
159,2,59,F,Italia,5.5
160,2,63,M,Italia,4.5
161,2,60,F,Italia,6.5
162,2,36,M,Altri,5.0
163,2,35,M,USA,7.0
164,2,61,M,USA,7.0
165,2,61,M,Italia,6.0
166,2,25,M,Italia,6.0
167,2,57,M,Italia,6.5
168,2,64,M,Italia,6.5
169,2,38,F,Italia,6.5
170,2,56,M,Italia,6.0
171,2,60,F,Italia,6.5
172,2,53,M,Italia,7.5
173,2,64,F,Francia,6.0
174,2,34,M,Francia,5.5
175,2,59,M,Francia,6.0
176,2,24,M,Francia,8.0
177,2,57,F,USA,7.0
178,2,29,F,USA,7.0
179,2,24,M,Altri,7.0
180,2,56,F,Francia,7.0
181,2,55,M,Italia,8.0
182,2,66,F,Italia,7.0
183,2,33,F,Altri,6.0
184,2,56,M,Italia,6.5
185,2,68,M,Francia,7.0
186,2,56,M,Italia,6.0
187,2,48,M,Italia,8.0
188,2,25,F,Italia,5.5
189,2,28,M,Italia,7.0
190,3,26,F,Italia,7.0
191,3,58,M,Italia,6.0
192,3,49,F,Italia,6.0
193,3,30,M,Italia,6.5
194,3,36,M,Altri,7.5
195,3,32,F,Italia,7.0
196,3,23,M,USA,6.5
197,3,55,F,Italia,7.5
198,3,34,F,Altri,6.5
199,3,55,M,Italia,7.0
200,3,57,F,Italia,6.5
201,3,49,M,Italia,6.0
202,3,57,M,Italia,5.0
203,3,58,F,Francia,6.5
204,3,23,M,USA,7.0
205,3,34,M,Italia,5.5
206,3,63,M,Altri,6.5
207,3,63,M,Italia,6.5
208,3,53,F,Italia,6.0
209,3,31,F,Italia,6.5
210,3,23,M,Altri,6.5
211,3,55,M,Altri,6.5
212,3,63,M,Francia,7.0
213,3,36,M,Altri,6.0
214,3,53,F,Francia,7.0
215,3,57,M,Italia,5.0
216,3,21,F,Francia,5.0
217,3,57,M,USA,7.0
218,3,48,F,USA,8.0
219,3,22,F,USA,6.0
220,3,66,F,Italia,6.0
221,3,59,M,Italia,5.5
222,3,64,F,Italia,6.5
223,3,62,F,Francia,6.0
224,3,27,F,USA,5.5
225,3,20,F,Italia,7.5
226,3,64,M,USA,5.5
227,3,65,M,Italia,6.5
228,3,63,M,Italia,6.0
229,3,55,F,USA,6.5
230,3,29,M,Italia,7.5
231,3,27,M,Italia,6.5
232,3,28,F,Francia,5.5
233,3,29,M,Altri,6.5
234,3,58,M,Italia,6.0
235,3,56,M,Francia,6.0
236,3,65,M,Italia,5.5
237,3,50,M,Francia,6.5
238,3,57,M,Italia,6.0
239,3,29,M,USA,7.0
240,3,60,M,Francia,7.0
241,3,22,M,Italia,7.5
242,3,22,F,Italia,6.0
243,3,25,M,Francia,6.5
244,3,47,M,Italia,5.5
245,3,31,M,Italia,5.5
246,3,24,M,USA,7.5
247,3,25,M,Italia,6.0
248,3,33,M,Altri,4.5
249,3,54,F,Italia,5.5
250,3,25,M,Italia,6.0
251,3,31,F,Altri,6.0
252,3,59,M,Francia,6.0
253,3,62,F,Italia,7.5
254,3,26,M,USA,7.5
255,3,23,F,Francia,7.0
256,3,29,F,Altri,5.5
257,3,56,F,Francia,7.0
258,3,55,F,Italia,7.0
259,3,62,M,Altri,6.0
260,3,22,F,USA,7.0
261,3,25,M,Italia,5.0
262,3,64,F,Italia,7.5
263,3,56,F,Italia,5.5
264,3,24,F,Italia,5.5
265,3,32,F,Altri,7.0
266,3,25,M,Italia,7.5
267,3,30,M,USA,6.5
268,3,63,F,Italia,8.0
269,4,25,M,Italia,5.5
270,4,60,M,USA,5.0
271,4,64,F,Francia,5.5
272,4,54,F,USA,7.0
273,4,58,M,Altri,7.5
274,4,36,M,USA,7.0
275,4,55,M,USA,5.5
276,4,61,M,Italia,7.0
277,4,60,M,USA,5.5
278,4,28,F,Italia,6.5
279,4,46,M,Altri,4.5
280,4,58,F,Italia,5.5
281,4,27,M,Italia,7.5
282,4,25,M,USA,6.0
283,4,27,M,USA,8.0
284,4,31,M,Italia,6.5
285,4,22,M,USA,6.5
286,4,53,M,Francia,7.0
287,4,58,F,USA,6.5
288,4,53,M,Italia,6.0
289,4,30,M,Italia,6.0
290,4,65,M,Italia,6.0
291,4,56,M,USA,6.0
292,4,53,F,USA,7.0
293,4,54,F,Altri,7.0
294,4,56,M,Francia,7.5
295,4,24,F,USA,5.5
296,4,66,F,Italia,7.0
297,4,22,F,Francia,6.5
298,4,62,M,Altri,6.5
299,4,25,F,Altri,7.0
300,4,56,M,Altri,5.0
301,4,29,M,Italia,6.0
302,4,33,M,Italia,7.0
303,4,60,F,USA,7.0
304,4,61,M,Italia,7.5
305,4,56,F,Altri,7.5
306,4,60,F,Italia,6.0
307,4,36,M,Italia,7.5
308,4,29,M,Italia,6.0
309,4,59,M,USA,5.5
310,4,23,M,Italia,7.5
311,4,31,M,Altri,6.5
312,4,58,F,Italia,6.5
313,4,29,M,USA,6.5
314,4,65,M,Italia,5.5
315,4,38,F,Italia,7.0
316,4,32,F,Italia,6.5
317,4,54,M,Italia,5.0
318,4,63,M,USA,4.5
319,4,32,M,Italia,8.0
320,4,60,M,Italia,7.0
321,4,55,M,USA,6.0
322,4,34,M,Italia,5.5
323,4,26,F,Altri,5.5
324,4,59,F,Italia,5.5
325,4,30,M,Altri,7.0
326,4,68,M,Altri,6.0
327,4,25,M,USA,6.0
328,4,62,M,Italia,7.5
329,4,31,M,Italia,6.5
330,4,54,M,USA,6.0
331,4,59,M,Francia,6.5
332,4,25,M,Italia,6.5
333,4,33,F,Altri,7.5
334,5,60,F,Francia,5.5
335,5,56,M,Italia,5.0
336,5,26,M,USA,7.5
337,5,59,M,Altri,6.0
338,5,55,M,Italia,6.0
339,5,23,M,USA,7.0
340,5,31,F,Altri,7.0
341,5,60,M,USA,8.0
342,5,30,F,USA,5.5
343,5,61,M,Italia,7.0
344,5,65,M,Francia,6.5
345,5,34,F,Italia,6.0
346,5,52,F,Italia,7.5
347,5,59,F,Italia,7.0
348,5,56,M,Francia,7.0
349,5,28,M,Italia,6.0
350,5,23,M,USA,7.0
351,5,52,F,Italia,6.0
352,5,25,M,Altri,7.0
353,5,65,M,Italia,7.5
354,5,65,F,Altri,7.5
355,5,23,F,Italia,7.5
356,5,20,M,Francia,6.5
357,5,59,F,Italia,5.5
358,5,29,M,Italia,5.5
359,5,66,M,USA,8.0
360,5,59,M,USA,8.0
361,5,68,M,USA,7.0
362,5,59,M,Francia,8.0
363,5,60,M,Francia,6.0
364,5,56,F,Italia,7.5
365,5,40,M,USA,8.0
366,5,27,F,Italia,6.0
367,5,52,F,USA,7.0
368,5,55,F,Italia,7.5
369,5,28,F,Italia,7.0
370,5,26,M,USA,8.5
371,5,49,M,Italia,7.5
372,5,21,M,Francia,7.0
373,5,50,M,Italia,7.0
374,5,29,F,Italia,7.5
375,5,35,M,Francia,7.0
376,5,23,F,Altri,7.5
377,5,65,M,Italia,6.5
378,5,61,F,Italia,6.0
379,5,22,F,Francia,7.0
380,5,52,M,USA,7.5
381,5,26,M,Italia,8.5
382,5,65,M,Francia,6.0
383,5,59,M,Italia,7.5
384,5,47,M,Italia,7.5
385,5,28,M,Altri,6.0
386,5,29,M,USA,7.0
387,5,28,M,USA,6.5
388,5,65,M,Italia,6.0
389,5,23,M,Italia,7.5
390,5,62,M,Italia,6.5
391,5,22,M,USA,8.0
392,5,60,F,Italia,7.0
393,5,44,M,Altri,6.5
394,5,23,F,Italia,7.0
395,5,24,F,USA,7.5
396,5,61,M,USA,6.0
397,6,57,M,Italia,6.0
398,6,28,M,Francia,7.5
399,6,54,M,Italia,8.0
400,6,33,F,Francia,7.0
401,6,32,F,Francia,7.5
402,6,40,F,USA,7.0
403,6,20,M,Italia,8.0
404,6,31,M,Altri,7.0
405,6,26,M,Italia,7.5
406,6,23,M,Francia,8.0
407,6,38,F,Italia,8.5
408,6,56,F,Altri,8.5
409,6,50,M,USA,6.0
410,6,64,F,USA,8.0
411,6,60,M,USA,7.5
412,6,28,M,USA,6.5
413,6,59,F,USA,7.5
414,6,52,M,Italia,6.0
415,6,49,M,Italia,6.5
416,6,60,M,USA,8.0
417,6,31,F,Francia,8.0
418,6,51,M,Altri,6.5
419,6,22,F,Francia,7.5
420,6,27,F,Francia,6.5
421,6,66,F,Francia,7.5
422,6,32,F,Altri,7.0
423,6,62,M,Italia,7.0
424,6,54,F,Italia,7.5
425,6,51,M,Italia,7.5
426,6,57,F,Altri,8.0
427,6,24,F,Italia,9.0
428,6,62,F,USA,8.0
429,6,53,F,Francia,8.0
430,6,27,F,Italia,7.5
431,6,29,M,Italia,8.0
432,6,57,M,Italia,7.5
433,6,61,M,Italia,7.0
434,6,48,F,USA,8.0
435,6,54,M,Italia,7.5
436,6,23,F,Altri,6.5
437,6,24,M,Altri,8.0
438,6,35,F,USA,7.5
439,6,57,F,Italia,6.0
440,6,32,M,Italia,7.0
441,6,29,M,Altri,8.0
442,6,57,M,Italia,6.5
443,6,25,F,Italia,8.5
444,6,34,F,Altri,7.0
445,6,22,F,Italia,5.5
446,6,57,M,Italia,6.0
447,6,53,M,Altri,7.5
448,6,25,F,Italia,7.0
449,6,59,M,Italia,8.0
450,6,21,F,Italia,7.0
451,6,23,F,Italia,8.0
452,6,54,F,Italia,7.5
453,6,26,M,USA,7.5
454,6,25,M,Italia,6.5
455,6,21,M,Italia,8.5
456,6,28,F,Italia,5.5
457,6,60,F,Italia,8.0
458,6,57,F,Italia,7.5
459,6,60,M,Francia,8.5
460,6,35,F,Francia,7.5
461,6,64,M,Italia,9.0
462,6,30,F,USA,8.0
463,6,63,M,Italia,7.5
464,6,67,F,Italia,8.0
465,6,59,M,Italia,9.0
466,6,38,M,Altri,7.5
467,6,61,M,USA,7.5
468,6,59,M,USA,8.5
469,6,67,M,Italia,7.5
470,6,54,F,Altri,5.5
471,6,60,M,Francia,6.5
472,6,68,M,Francia,6.5
473,6,62,M,Francia,8.5
474,6,23,M,Italia,9.0
475,6,32,M,USA,6.5
476,6,58,M,Italia,7.5
477,6,26,M,Altri,9.0
478,6,57,F,Italia,7.5
479,6,60,M,Italia,7.5
480,6,57,M,USA,7.5
481,6,59,M,USA,8.5
482,6,27,M,Altri,8.0
483,6,49,M,Francia,8.0
484,6,27,F,Francia,6.5
485,6,62,M,Italia,7.0
486,6,63,M,Italia,7.0
487,6,31,F,Italia,7.0
488,6,59,M,Altri,8.5
489,6,61,F,Altri,6.0
490,6,25,M,USA,8.0
491,6,58,M,Altri,8.0
492,6,27,M,Italia,7.0
493,6,26,M,Francia,7.0
494,6,22,M,Francia,7.5
495,6,23,M,Italia,8.0
496,6,66,M,USA,7.5
497,6,62,M,USA,7.0
498,6,51,F,Altri,7.5
499,6,26,F,Francia,9.0
500,6,56,M,Francia,7.5
501,6,48,M,Italia,8.5
502,6,65,M,Italia,8.0
503,6,27,F,Italia,8.0
504,6,62,F,Italia,8.0
505,6,50,F,Italia,7.5
506,6,23,M,Italia,6.5
507,6,46,M,Francia,7.5
508,6,53,F,USA,7.0
509,6,24,M,Italia,6.0
510,6,37,M,Altri,6.5
511,6,55,F,Italia,7.5
512,6,22,M,Francia,7.0
513,6,48,M,Francia,8.5
514,6,21,M,USA,7.0
515,6,35,M,Italia,7.5
516,6,57,F,Francia,7.5
517,6,49,F,Italia,5.5
518,6,66,F,Italia,7.5
519,6,32,M,Italia,7.5
520,6,26,F,USA,8.5
521,6,60,F,Francia,7.5
522,6,56,F,Altri,7.5
523,6,30,M,Italia,8.0
524,6,57,M,Altri,7.0
525,6,20,M,Italia,8.0
526,6,31,M,Italia,8.0
527,6,29,M,Altri,6.0
528,6,55,F,USA,7.0
529,6,25,M,Italia,7.0
530,6,28,M,Italia,8.0
531,6,53,F,Francia,8.0
532,6,54,F,Italia,6.5
533,6,26,M,Francia,7.5
534,6,22,F,Francia,7.0
535,6,20,F,Italia,6.0
536,6,30,M,Altri,6.5
537,6,33,M,Italia,6.5
538,6,52,F,Francia,6.0
539,6,57,F,Francia,8.5
540,6,61,F,Italia,6.0
541,6,56,M,Italia,7.5
542,6,27,F,Italia,9.0
543,6,59,M,Italia,9.0
544,6,53,F,USA,6.5
545,6,27,F,Italia,7.0
546,6,59,M,Italia,8.0
547,6,55,F,Francia,7.0
548,6,23,F,Italia,7.5
549,6,54,M,Italia,7.0
550,6,29,F,Altri,6.0
551,6,55,F,USA,7.0
552,6,62,F,Italia,8.0
553,6,53,F,Italia,6.0
554,6,35,F,Francia,5.0
555,6,49,M,Altri,7.5
556,6,63,M,USA,7.5
557,6,29,M,USA,7.0
558,6,65,F,Francia,8.0
559,6,23,M,Italia,8.5
560,6,26,F,Francia,7.0
561,6,30,F,Italia,6.0
562,6,64,F,Italia,7.0
563,6,25,M,Altri,9.0
564,6,28,F,Italia,6.0
565,6,32,M,USA,8.5
566,6,56,F,Francia,7.5
567,6,52,M,Altri,9.0
568,6,62,M,USA,8.5
569,6,24,M,Italia,8.0
570,6,63,M,Altri,5.5
571,6,65,F,Italia,5.0
572,6,51,M,Italia,6.5
573,6,24,M,Italia,6.0
574,6,26,M,Francia,7.5
575,6,59,M,Francia,7.5
576,6,59,M,Altri,7.5
577,6,56,F,Italia,6.5
578,6,24,M,Italia,8.0
579,6,32,F,USA,7.5
580,6,28,M,USA,8.0
581,6,33,M,Italia,7.5
582,6,23,F,Italia,7.0
583,6,64,M,USA,8.5
584,6,52,F,USA,6.5
585,6,59,F,USA,8.0
586,6,27,M,Italia,8.5
587,6,27,F,Italia,7.0
588,6,23,M,USA,8.0
589,6,55,F,Italia,7.5
590,6,56,M,Italia,8.5
591,6,52,F,Italia,8.0
592,6,54,M,USA,8.5
593,6,61,M,Francia,6.5
594,6,65,F,USA,7.0
595,6,58,M,Francia,7.0
596,6,51,M,USA,7.0
597,6,61,M,USA,8.0
598,6,57,M,USA,7.5
599,6,37,M,Italia,7.0
600,6,60,M,Altri,8.5
601,6,31,F,USA,7.0
602,6,56,M,USA,6.5
603,6,60,M,Italia,7.0
604,6,56,M,USA,8.0
605,6,37,F,Altri,6.5
606,6,21,F,Altri,8.0
607,6,57,M,Italia,6.0
608,6,30,F,USA,8.0
609,6,57,F,Altri,6.0
610,6,54,M,USA,8.0
611,6,63,M,Altri,7.5
612,6,22,M,Francia,7.0
613,6,30,F,Altri,6.5
614,6,61,M,Italia,9.0
615,6,64,M,Italia,8.0
616,6,24,F,Francia,7.5
617,6,58,F,Francia,7.0
618,6,23,F,Altri,7.5
619,6,36,F,Italia,7.5
620,6,22,M,USA,8.0
621,6,50,F,Italia,6.5
622,6,51,M,Italia,6.5
623,6,30,M,USA,7.0
624,6,60,M,Altri,8.5
625,6,58,F,USA,6.0
626,6,62,M,Altri,6.5
627,6,23,F,Italia,7.0
628,6,46,F,Italia,8.0
629,6,24,F,USA,7.5
630,6,58,F,Francia,5.5
631,7,58,M,Italia,5.5
632,7,54,M,Francia,5.5
633,7,51,F,Italia,6.0
634,7,29,M,Francia,5.0
635,7,66,M,USA,7.5
636,7,28,M,Italia,6.5
637,7,35,M,USA,6.0
638,7,25,F,Italia,7.5
639,7,32,F,Italia,6.5
640,7,21,F,Italia,6.0
641,7,34,M,Altri,5.5
642,7,59,F,USA,5.0
643,7,34,F,Altri,6.0
644,7,34,F,Italia,5.0
645,7,27,F,Francia,4.0
646,7,27,F,Altri,6.0
647,7,63,F,Italia,7.0
648,7,32,M,Italia,4.0
649,7,58,F,Italia,5.0
650,7,34,M,Altri,4.5
651,7,62,M,Italia,6.5
652,7,58,F,Italia,4.5
653,7,32,F,Italia,4.0
654,7,59,M,Italia,6.5
655,7,60,M,Altri,5.0
656,7,61,M,USA,6.0
657,7,63,M,Italia,7.0
658,7,24,F,Francia,6.5
659,7,57,M,Francia,7.5
660,7,58,M,Altri,5.0
661,7,28,M,USA,5.5
662,7,45,F,Italia,6.0
663,7,56,M,Italia,4.5
664,7,60,M,USA,6.0
665,7,59,M,Italia,5.5
666,7,26,M,Italia,7.0
667,7,27,F,Francia,7.0
668,7,56,F,USA,7.0
669,7,53,F,Italia,6.5
670,7,62,M,USA,6.0
671,7,23,M,USA,6.5
672,7,59,F,Italia,5.0
673,7,62,M,USA,7.0
674,7,28,M,Altri,5.5
675,7,65,M,Italia,6.5
676,7,55,F,Francia,6.0
677,7,59,M,Italia,4.0
678,7,65,M,Francia,6.0
679,7,64,F,Francia,6.0
680,7,33,M,USA,5.5
681,7,63,M,Italia,5.5
682,7,64,F,Francia,5.5
683,7,53,M,USA,4.0
684,7,62,F,Altri,6.5
685,7,32,M,Francia,5.5
686,7,34,M,Francia,5.5
687,7,57,M,USA,6.0
688,7,39,M,Francia,4.0
689,7,58,F,Italia,5.5
690,7,50,F,Italia,5.5
691,7,22,M,Altri,6.0
692,7,26,M,USA,6.0
693,7,21,M,USA,6.5
694,7,64,M,Italia,5.5
695,7,33,M,Altri,6.0
696,7,22,M,USA,5.5
697,7,27,F,Altri,5.0
698,7,25,F,USA,4.5
699,7,60,M,Italia,6.0
700,7,57,F,USA,6.0
701,7,28,M,Italia,4.0
702,7,26,M,Altri,6.5
703,7,58,M,Italia,4.0
704,7,65,F,Italia,5.5
705,7,24,M,Italia,5.5
706,7,39,M,USA,5.5
707,7,65,M,Altri,5.5
708,7,28,M,Italia,7.0
709,7,20,F,Altri,5.0
710,7,64,M,Francia,6.5
711,7,47,M,Altri,4.5
712,7,34,M,Altri,6.0
713,7,58,M,Altri,5.5
714,7,59,M,Italia,5.0
715,7,60,F,Italia,6.0
716,7,20,M,Italia,8.5
717,7,33,M,Italia,5.0
718,7,24,F,Italia,5.5
719,7,55,F,Francia,5.5
720,7,57,F,Italia,4.5
721,7,57,M,Italia,7.5
722,7,63,F,Francia,6.5
723,7,65,F,Italia,5.0
724,7,31,M,Italia,6.5
725,7,57,M,Francia,7.5
726,7,60,M,Altri,7.5
727,7,59,M,USA,5.5
728,7,21,M,USA,8.0
729,7,29,M,USA,6.0
730,7,54,F,Italia,5.0
731,7,55,F,Altri,6.0
732,7,58,M,Francia,5.5
733,7,57,M,Italia,5.0
734,7,29,F,Italia,6.0
735,7,60,M,Francia,6.0
736,7,54,M,USA,5.5
737,7,22,M,USA,6.5
738,7,60,M,Francia,6.5
739,7,65,F,USA,4.0
740,7,64,M,Italia,6.5
741,7,44,M,Altri,4.5
742,7,53,M,USA,7.5
743,7,60,M,Altri,5.5
744,7,27,M,Italia,7.0
745,7,65,F,USA,5.0
746,7,53,M,Italia,6.5
747,7,40,F,USA,5.5
748,7,58,M,Italia,7.0
749,7,66,M,Italia,5.0
750,7,26,M,USA,8.0
751,7,43,F,Italia,4.5
752,7,24,F,Francia,7.0
753,7,60,F,Italia,5.5
754,7,59,M,Italia,5.0
755,7,54,F,Italia,5.5
756,7,23,M,Italia,5.5
757,7,59,M,USA,7.5
758,7,63,F,Italia,6.0
759,7,54,F,Francia,5.5
760,8,51,F,Italia,6.5
761,8,27,F,Italia,7.5
762,8,57,F,Italia,6.0
763,8,51,M,USA,7.0
764,8,64,F,Italia,6.0
765,8,66,F,Italia,7.0
766,8,59,F,Italia,8.0
767,8,59,M,USA,8.0
768,8,67,M,Italia,6.5
769,8,59,F,Italia,5.0
770,8,26,F,Francia,6.5
771,8,54,F,Altri,5.5
772,8,22,F,USA,5.5
773,8,42,M,USA,6.5
774,8,25,F,Italia,6.0
775,8,62,F,Italia,6.0
776,8,30,M,Francia,6.0
777,8,30,M,Italia,5.5
778,8,22,F,USA,7.0
779,8,55,M,Italia,6.0
780,8,24,F,Italia,6.0
781,8,53,M,Italia,5.5
782,8,32,M,USA,5.0
783,8,61,M,Italia,7.0
784,8,64,M,USA,7.0
785,8,61,F,Italia,6.0
786,8,47,F,USA,8.0
787,8,23,M,Italia,5.5
788,8,62,M,Italia,6.0
789,8,59,M,Italia,6.5
790,8,58,F,Italia,5.0
791,8,30,M,Italia,4.5
792,8,57,F,USA,7.0
793,8,57,F,USA,6.5
794,8,52,F,USA,7.5
795,8,56,F,Italia,6.5
796,8,54,M,USA,6.0
797,8,61,F,Italia,7.5
798,8,64,M,Italia,5.0
799,8,63,M,USA,5.5
800,8,28,F,Altri,7.0
801,8,58,M,Altri,5.0
802,8,23,M,Francia,6.5
803,8,24,M,Italia,6.0
804,8,57,M,Italia,4.5
805,8,62,M,Francia,6.0
806,8,21,F,Altri,7.0
807,8,31,M,Italia,6.5
808,8,59,F,USA,6.5
809,8,58,M,Francia,5.0
810,8,22,M,Italia,7.0
811,8,26,M,Altri,7.5
812,8,53,M,USA,6.5
813,8,52,M,Italia,6.5
814,8,55,F,Italia,7.5
815,8,27,M,Francia,6.5
816,8,56,F,USA,7.0
817,8,65,M,Altri,4.5
818,8,62,F,Altri,6.5
819,8,52,F,Italia,7.5
820,8,58,M,USA,5.5
821,8,68,M,USA,5.5
822,8,59,M,Italia,6.5
823,8,22,F,Francia,5.5
824,8,63,F,USA,6.0
825,8,41,F,Italia,5.0
826,8,23,M,USA,6.0
827,8,47,F,Italia,6.5
828,8,31,M,Italia,6.5
829,8,37,M,USA,7.0
830,8,26,M,Italia,8.5
831,8,57,M,Italia,6.5
832,8,52,F,Italia,6.0
833,8,61,M,Francia,6.0
834,8,56,M,Francia,6.0
835,8,21,M,Italia,6.5
836,8,54,M,USA,7.0
837,8,61,M,Francia,6.0
838,8,28,M,Italia,7.0
839,8,55,F,Italia,7.5
840,8,46,M,USA,7.0
841,8,61,F,Italia,6.5
842,8,59,M,Italia,6.0
843,8,22,M,Italia,8.5
844,8,54,M,Italia,5.5
845,8,52,F,Italia,6.0
846,8,61,F,USA,6.0
847,8,59,M,Italia,8.0
848,8,50,F,Italia,6.0
849,8,61,F,Italia,6.5
850,8,28,F,Italia,6.5
851,8,63,M,Francia,7.5
852,8,28,F,Italia,6.5
853,8,54,F,Francia,7.5
854,8,69,M,USA,6.5
855,8,57,M,USA,6.5
856,8,57,F,Altri,7.0
857,8,55,F,Italia,5.0
858,8,38,F,Italia,4.0
859,8,29,M,Italia,8.5
860,8,58,M,Francia,5.5
861,9,60,F,Italia,6.5
862,9,59,M,USA,8.0
863,9,37,M,Italia,7.0
864,9,27,F,USA,7.0
865,9,67,M,Francia,6.5
866,9,28,M,Altri,7.5
867,9,21,M,Italia,7.5
868,9,59,F,Francia,7.0
869,9,20,M,Italia,7.5
870,9,57,M,Italia,6.0
871,9,66,M,Francia,8.5
872,9,40,F,Italia,6.5
873,9,56,M,USA,7.0
874,9,22,M,Altri,7.0
875,9,59,M,Italia,7.5
876,9,54,M,Altri,7.0
877,9,50,M,USA,7.0
878,9,40,F,USA,7.0
879,9,56,F,Francia,7.0
880,9,32,F,USA,6.5
881,9,22,F,Francia,7.5
882,9,57,F,Altri,7.0
883,9,61,M,Altri,7.5
884,9,24,M,Francia,7.5
885,9,64,M,USA,6.0
886,9,62,M,USA,8.5
887,9,29,F,Italia,6.5
888,9,22,F,Italia,7.0
889,9,27,F,Italia,6.5
890,9,62,F,Italia,6.5
891,9,60,M,USA,9.0
892,9,61,M,Italia,7.5
893,9,63,F,Italia,6.0
894,9,60,M,USA,7.0
895,9,60,M,Altri,6.5
896,9,28,F,Italia,7.5
897,9,65,F,Italia,7.5
898,9,32,F,Francia,7.5
899,9,52,M,Italia,9.0
900,9,55,M,Altri,7.5
901,9,35,M,Italia,7.5
902,9,21,F,Altri,5.5
903,9,60,F,Italia,5.0
904,9,30,F,Francia,5.5
905,9,62,M,Altri,9.0
906,9,59,F,Francia,5.5
907,9,36,F,Italia,7.0
908,9,28,M,USA,8.5
909,9,24,F,Italia,7.0
910,9,63,M,Francia,8.0
911,9,55,M,USA,7.0
912,9,20,M,Italia,6.0
913,9,35,M,USA,7.5
914,9,22,F,USA,9.0
915,9,53,F,Altri,6.5
916,9,60,M,Italia,7.5
917,9,52,M,Italia,7.0
918,9,51,M,USA,8.0
919,9,61,M,Italia,8.0
920,9,57,M,Italia,7.0
921,9,60,M,Altri,6.5
922,9,60,F,Italia,8.5
923,9,37,M,Italia,6.5
924,9,28,M,Francia,7.5
925,9,57,M,Italia,7.0
926,9,23,M,Italia,7.5
927,9,22,M,Italia,7.0
928,9,23,M,USA,6.0
929,9,27,M,Altri,7.5
930,9,50,M,Francia,6.5
931,9,49,M,Altri,7.0
932,9,24,M,Italia,8.0
933,9,56,M,USA,7.5
934,9,59,F,Italia,7.5
935,9,27,M,Altri,6.5
936,9,60,F,USA,6.5
937,9,55,M,Italia,7.0
938,10,59,M,Altri,5.5
939,10,65,M,Altri,6.0
940,10,61,F,Italia,6.0
941,10,26,F,Italia,6.5
942,10,67,F,Altri,7.5
943,10,33,M,Italia,6.5
944,10,57,F,Italia,8.5
945,10,57,M,Italia,6.0
946,10,64,M,USA,8.5
947,10,64,M,Francia,6.0
948,10,60,F,Altri,6.0
949,10,62,F,USA,7.0
950,10,66,F,USA,7.0
951,10,61,M,USA,7.5
952,10,53,F,Altri,6.5
953,10,36,F,Francia,7.0
954,10,28,F,Italia,7.0
955,10,21,M,Italia,5.0
956,10,61,F,Francia,7.5
957,10,25,F,Francia,6.0
958,10,60,M,Italia,8.0
959,10,56,M,USA,6.0
960,10,64,M,Altri,6.0
961,10,61,F,Altri,5.5
962,10,67,M,Francia,7.0
963,10,57,F,Italia,6.5
964,10,53,F,Altri,6.5
965,10,67,M,Italia,4.0
966,10,51,F,Altri,7.5
967,10,62,M,Altri,6.5
968,10,63,F,Altri,7.0
969,10,68,F,USA,6.0
970,10,22,M,Altri,7.5
971,10,49,M,Italia,7.5
972,10,63,M,Francia,6.0
973,10,28,F,Italia,6.5
974,10,35,M,Italia,6.5
975,10,55,F,Italia,8.0
976,10,54,F,USA,7.0
977,10,52,F,Francia,6.5
978,10,25,F,Italia,6.0
979,10,59,M,Italia,4.0
980,10,65,M,Francia,6.5
981,10,52,M,Francia,5.5
982,10,25,M,USA,7.0
983,10,25,M,Italia,7.0
984,10,27,M,USA,7.0
985,10,62,M,USA,7.5
986,10,60,M,USA,7.5
987,10,21,M,Francia,6.5
988,10,61,M,Francia,8.5
989,10,52,M,Italia,6.5
990,10,67,F,Francia,4.0
991,10,26,M,Altri,7.0
992,10,62,M,Francia,6.5
993,10,25,F,Italia,6.0
994,10,34,F,Francia,5.5
995,10,62,M,Altri,6.5
996,10,57,M,USA,4.5
997,10,55,M,Francia,6.0
998,10,53,F,USA,6.0
999,10,59,F,Francia,5.5
1000,10,59,F,Altri,8.5
1001,10,25,M,Italia,6.5
1002,10,27,M,Francia,6.0
1003,10,61,M,Italia,6.0
1004,10,29,M,Francia,6.0
1005,10,44,F,Altri,6.0
1006,11,22,F,Francia,6.5
1007,11,60,M,Francia,6.5
1008,11,56,M,Italia,5.5
1009,11,57,M,Italia,8.0
1010,11,32,F,Italia,8.0
1011,11,61,M,Italia,8.0
1012,11,64,F,USA,8.0
1013,11,56,M,USA,8.0
1014,11,31,F,Francia,7.5
1015,11,60,M,USA,6.5
1016,11,59,F,Italia,7.5
1017,11,58,F,Altri,6.0
1018,11,57,M,Italia,7.5
1019,11,32,F,Francia,9.0
1020,11,22,F,Italia,8.0
1021,11,57,M,USA,7.5
1022,11,59,F,Altri,7.5
1023,11,50,M,Italia,8.5
1024,11,26,M,USA,7.5
1025,11,30,F,USA,7.5
1026,11,44,M,Altri,9.0
1027,11,21,F,Italia,6.5
1028,11,28,M,USA,7.0
1029,11,32,F,Italia,6.5
1030,11,56,M,Italia,7.5
1031,11,59,M,Altri,7.5
1032,11,58,F,Italia,8.0
1033,11,32,M,Altri,7.0
1034,11,48,M,Italia,7.0
1035,11,67,F,Altri,9.0
1036,11,54,F,Italia,6.0
1037,11,60,M,USA,8.5
1038,11,50,M,Italia,8.0
1039,11,28,F,Italia,8.0
1040,11,64,M,Italia,6.5
1041,11,21,F,USA,7.5
1042,11,54,M,Italia,7.0
1043,11,29,F,USA,8.0
1044,11,57,M,Altri,8.0
1045,11,26,F,Italia,8.0
1046,11,52,M,Francia,8.0
1047,11,37,F,USA,7.5
1048,11,43,M,Italia,8.5
1049,11,53,M,Altri,7.0
1050,11,24,M,Italia,7.0
1051,11,51,M,Italia,8.5
1052,11,52,M,Italia,9.0
1053,11,33,F,Italia,8.0
1054,11,61,M,Francia,6.5
1055,11,23,M,Italia,8.5
1056,11,23,F,Italia,8.0
1057,11,60,M,USA,7.0
1058,11,30,F,Italia,7.5
1059,11,55,M,Italia,7.5
1060,11,29,M,Altri,8.0
1061,11,30,M,Italia,7.5
1062,11,60,M,Francia,8.0
1063,11,69,M,USA,6.5
1064,11,37,F,Italia,9.0
1065,11,65,M,Italia,6.0
1066,11,60,F,Italia,7.0
1067,11,23,F,Italia,7.5
1068,11,58,M,Italia,8.5
1069,11,38,F,Francia,8.5
1070,11,30,M,Altri,7.0
1071,11,61,F,USA,9.0
1072,11,56,F,Italia,7.5
1073,12,49,M,Italia,6.5
1074,12,53,F,Altri,7.5
1075,12,56,M,Francia,6.5
1076,12,30,F,Francia,7.5
1077,12,21,F,USA,6.5
1078,12,29,F,Altri,7.0
1079,12,54,M,Francia,5.5
1080,12,63,F,Altri,6.5
1081,12,62,M,Italia,5.0
1082,12,62,M,Italia,6.0
1083,12,30,M,Italia,6.5
1084,12,63,M,Italia,7.5
1085,12,59,M,Italia,7.0
1086,12,60,M,Francia,6.0
1087,12,34,M,Italia,6.5
1088,12,58,F,Italia,6.5
1089,12,66,F,Italia,8.0
1090,12,64,M,Italia,6.5
1091,12,54,M,Altri,7.5
1092,12,51,M,Italia,6.0
1093,12,31,M,Italia,7.5
1094,12,61,M,Altri,7.0
1095,12,22,F,Italia,7.0
1096,12,23,F,Altri,7.0
1097,12,63,M,Francia,6.5
1098,12,25,M,Italia,7.0
1099,12,52,M,Italia,7.5
1100,12,54,M,USA,5.0
1101,12,34,M,Francia,6.0
1102,12,62,F,Italia,5.5
1103,12,66,F,Francia,9.0
1104,12,62,M,Altri,8.0
1105,12,23,F,Altri,6.5
1106,12,66,F,Italia,8.5
1107,12,30,M,Italia,8.0
1108,12,63,F,Italia,7.5
1109,12,24,M,USA,6.5
1110,12,25,F,Italia,7.5
1111,12,57,F,USA,7.0
1112,12,33,F,Francia,6.5
1113,12,60,F,Francia,6.5
1114,12,58,M,Altri,7.5
1115,12,29,M,Italia,7.0
1116,12,24,F,Francia,6.5
1117,12,58,M,Italia,8.0
1118,12,53,F,Italia,6.0
1119,12,30,M,Altri,6.5
1120,12,23,M,USA,7.5
1121,12,62,F,Francia,5.0
1122,12,51,M,Italia,6.0
1123,12,23,M,Altri,7.0
1124,12,25,M,USA,7.0
1125,12,24,M,Italia,7.5
1126,12,22,F,USA,6.5
1127,12,33,M,USA,6.0
1128,12,25,M,Francia,5.5
1129,12,61,M,Altri,9.0
1130,12,60,F,Italia,7.0
1131,12,56,M,Italia,5.0
1132,12,59,F,Francia,6.0
1133,12,55,M,Italia,8.0
1134,12,25,M,Italia,6.0
1135,12,50,F,USA,5.5
1136,12,31,M,Italia,5.5
1137,12,25,M,Italia,6.0
1138,12,59,M,Italia,6.0
1139,12,59,M,Altri,7.0
1140,12,29,F,USA,8.0
1141,12,58,M,Altri,7.5
1142,12,54,M,Francia,6.0
1143,13,54,M,Italia,8.0
1144,13,52,M,Italia,5.5
1145,13,61,M,Italia,8.0
1146,13,54,F,USA,7.5
1147,13,65,F,Altri,7.0
1148,13,28,F,Italia,6.5
1149,13,59,F,USA,6.5
1150,13,27,F,Italia,7.0
1151,13,21,F,Altri,7.0
1152,13,53,M,Altri,6.5
1153,13,62,M,Altri,5.5
1154,13,53,M,Italia,8.0
1155,13,22,M,USA,8.0
1156,13,25,F,USA,7.5
1157,13,59,M,USA,7.0
1158,13,57,M,USA,6.5
1159,13,20,M,Francia,7.0
1160,13,21,F,Italia,7.0
1161,13,25,M,Francia,7.0
1162,13,30,F,Altri,5.0
1163,13,66,F,USA,6.0
1164,13,25,F,Italia,7.5
1165,13,56,F,Italia,5.5
1166,13,56,M,Francia,6.0
1167,13,36,F,Italia,7.5
1168,13,58,F,Altri,7.0
1169,13,49,M,Italia,6.0
1170,13,36,F,USA,7.0
1171,13,61,M,Francia,5.5
1172,13,29,F,USA,6.0
1173,13,61,M,Altri,5.5
1174,13,58,M,Italia,7.0
1175,13,29,M,USA,8.0
1176,13,49,M,Italia,5.5
1177,13,67,F,USA,7.5
1178,13,68,M,Italia,8.0
1179,13,33,F,Italia,7.0
1180,13,55,M,Francia,6.5
1181,13,57,F,Italia,8.0
1182,13,64,M,Italia,8.5
1183,13,52,M,Francia,7.0
1184,13,67,M,Italia,7.5
1185,13,37,M,Altri,8.5
1186,13,26,F,Altri,7.0
1187,13,63,M,Italia,6.0
1188,13,31,M,USA,7.0
1189,13,28,M,USA,7.0
1190,13,31,M,Italia,7.0
1191,13,63,M,Italia,7.5
1192,13,28,M,USA,6.0
1193,13,25,F,Italia,8.0
1194,13,25,M,USA,8.0
1195,13,54,F,Italia,7.0
1196,13,64,M,Francia,7.0
1197,13,30,M,Italia,7.0
1198,13,55,M,Francia,7.0
1199,13,50,M,Altri,5.5
1200,13,64,F,USA,6.0
1201,13,28,F,Francia,6.0
1202,13,55,F,Italia,6.0
1203,13,57,F,Italia,7.0
1204,13,54,M,Italia,5.5
1205,13,62,F,USA,8.0
1206,13,33,F,Altri,8.0
1207,13,64,M,Altri,9.0
1208,13,54,M,Italia,6.5
1209,13,34,M,USA,7.5
1210,13,32,M,Italia,6.0
1211,13,32,M,Italia,7.5
1212,13,50,F,Francia,8.0
1213,13,54,M,USA,6.5
1214,13,28,M,Italia,6.5
1215,13,58,M,Francia,6.5
1216,13,62,F,USA,6.5
1217,13,21,M,USA,7.0
1218,13,29,M,Italia,7.0
1219,13,61,F,USA,7.0
1220,13,60,F,USA,7.0
1221,13,56,F,USA,6.0
1222,13,22,F,Francia,7.0
1223,13,28,M,Italia,6.0
1224,13,56,F,Francia,7.5
1225,13,31,F,USA,8.0
1226,13,64,F,Italia,7.0
1227,13,62,M,Italia,7.0
1228,13,33,M,Italia,7.5
1229,14,57,F,USA,6.0
1230,14,57,F,Altri,5.5
1231,14,59,M,Italia,6.0
1232,14,29,F,Italia,6.0
1233,14,49,M,Italia,7.5
1234,14,52,M,Italia,7.0
1235,14,61,F,Italia,6.5
1236,14,25,M,Altri,6.5
1237,14,62,F,Francia,6.0
1238,14,66,M,Italia,7.0
1239,14,45,F,Italia,7.0
1240,14,24,M,USA,6.5
1241,14,36,M,Italia,8.5
1242,14,52,M,Italia,7.0
1243,14,60,M,USA,6.0
1244,14,52,F,Francia,5.5
1245,14,66,F,USA,8.0
1246,14,24,F,USA,6.0
1247,14,59,F,Altri,7.0
1248,14,58,F,Altri,5.0
1249,14,28,F,USA,7.0
1250,14,60,M,Italia,8.0
1251,14,63,F,Italia,6.0
1252,14,22,M,Francia,5.5
1253,14,62,M,Italia,7.5
1254,14,37,M,Altri,6.5
1255,14,59,M,Italia,6.0
1256,14,28,M,Italia,6.5
1257,14,57,M,Altri,6.5
1258,14,27,F,Italia,7.0
1259,14,56,F,USA,7.5
1260,14,27,M,Italia,7.0
1261,14,59,F,Francia,7.5
1262,14,64,F,USA,8.0
1263,14,60,F,Italia,7.5
1264,14,61,F,Italia,7.0
1265,14,59,M,Francia,6.5
1266,14,23,M,Altri,6.5
1267,14,24,F,USA,6.0
1268,14,34,F,USA,7.0
1269,14,21,M,USA,7.0
1270,14,23,F,Altri,7.0
1271,14,61,M,Italia,7.5
1272,14,27,M,USA,6.0
1273,14,27,M,USA,5.5
1274,14,64,M,USA,6.5
1275,14,61,M,Francia,6.5
1276,14,29,M,Francia,7.5
1277,14,29,F,Italia,7.0
1278,14,52,M,Italia,6.0
1279,14,58,M,USA,8.0
1280,14,62,M,Italia,5.5
1281,14,66,F,Italia,7.0
1282,14,31,F,Italia,8.0
1283,14,30,M,Italia,6.0
1284,14,63,F,Italia,5.5
1285,14,55,F,Altri,5.0
1286,14,31,M,Altri,6.5
1287,14,49,F,Italia,5.0
1288,14,58,M,Francia,5.0
1289,14,23,M,Francia,5.5
1290,14,33,F,USA,7.5
1291,14,25,M,Italia,6.0
1292,14,62,F,USA,7.0
1293,14,60,F,USA,5.5
1294,14,28,M,Italia,6.0
1295,14,66,F,Altri,8.5
1296,14,28,F,Francia,6.5
1297,14,59,F,Italia,6.0
1298,14,58,F,USA,7.0
1299,14,58,M,USA,6.5
1300,14,55,M,Altri,6.5
1301,14,36,M,Francia,6.5
1302,14,23,M,Italia,6.0
1303,14,57,M,Francia,7.0
1304,14,29,M,Francia,7.0
1305,14,61,F,Italia,7.0
1306,14,58,M,USA,7.5
1307,14,60,M,Francia,7.5
1308,14,63,M,USA,7.0
1309,14,63,M,USA,6.5
1310,14,57,M,Francia,5.0
1311,14,26,M,USA,5.0
1312,14,33,F,Italia,7.5
1313,14,53,F,Italia,6.0
1314,14,51,M,Altri,5.0
1315,14,32,M,Italia,6.0
1316,14,62,M,Francia,8.5
1317,14,52,M,USA,6.5
1318,14,59,F,Francia,6.5
1319,14,59,F,USA,7.5
1320,14,64,M,USA,8.5
1321,14,62,F,Italia,8.0
1322,14,62,M,Italia,6.5
1323,14,60,M,Francia,7.0
1324,14,23,M,USA,7.0
1325,14,59,F,Francia,4.5
1326,14,28,F,Italia,8.5
1327,14,58,M,Italia,6.5
1328,14,24,F,Francia,8.5
1329,14,29,F,Francia,6.5
1330,14,38,M,USA,7.5
1331,14,25,M,Italia,8.0
1332,15,57,F,USA,6.0
1333,15,59,M,Francia,4.5
1334,15,30,F,USA,6.0
1335,15,56,M,Italia,5.0
1336,15,25,M,USA,4.5
1337,15,27,F,Italia,5.5
1338,15,26,M,Francia,6.0
1339,15,58,F,USA,5.0
1340,15,56,F,USA,5.5
1341,15,25,F,Francia,6.0
1342,15,22,M,Italia,6.5
1343,15,52,M,Altri,6.0
1344,15,53,F,USA,6.5
1345,15,33,M,Italia,5.5
1346,15,57,F,Francia,5.5
1347,15,58,M,Italia,6.0
1348,15,62,F,Francia,6.0
1349,15,26,F,Italia,6.5
1350,15,56,M,Italia,5.0
1351,15,65,F,Altri,5.5
1352,15,21,M,Francia,5.0
1353,15,25,M,USA,5.5
1354,15,24,M,Francia,5.5
1355,15,64,F,Altri,7.5
1356,15,30,M,USA,6.5
1357,15,23,F,Italia,5.0
1358,15,41,M,USA,5.0
1359,15,24,M,Francia,5.0
1360,15,59,M,USA,6.0
1361,15,62,M,Italia,6.0
1362,15,28,M,Italia,5.0
1363,15,57,M,USA,5.5
1364,15,58,F,Altri,6.5
1365,15,30,F,Italia,4.0
1366,15,64,M,Italia,4.5
1367,15,31,F,Italia,7.0
1368,15,64,M,Francia,4.0
1369,15,53,M,Italia,4.5
1370,15,56,F,USA,5.5
1371,15,60,F,Italia,5.5
1372,15,54,M,Italia,6.0
1373,15,55,F,USA,6.0
1374,15,62,M,Altri,6.0
1375,15,56,M,Italia,5.5
1376,15,24,M,Italia,7.0
1377,15,49,M,Italia,7.0
1378,15,31,F,Altri,5.5
1379,15,25,M,Francia,5.5
1380,15,62,M,Altri,6.5
1381,15,58,M,Italia,4.0
1382,15,26,M,Altri,6.5
1383,15,64,M,Italia,5.0
1384,15,59,F,Italia,6.0
1385,15,23,M,Francia,4.5
1386,15,28,F,USA,5.5
1387,15,23,M,Italia,5.5
1388,15,23,M,Italia,5.0
1389,15,54,M,Altri,6.0
1390,15,57,F,Francia,7.0
1391,15,60,F,USA,5.5
1392,15,31,F,Italia,6.5
1393,15,56,M,USA,5.0
1394,15,51,F,USA,5.5
1395,15,28,M,Italia,6.5
1396,15,55,F,Italia,6.0
1397,15,21,F,Altri,7.0
1398,15,23,F,Altri,6.0
1399,15,36,F,Italia,6.0
1400,15,31,M,Italia,5.5
1401,15,61,M,Italia,5.5
1402,15,50,M,USA,6.0
1403,15,29,M,Altri,5.0
1404,15,56,M,USA,6.0
1405,15,59,M,Italia,4.5
1406,15,69,M,Francia,5.0
1407,15,24,M,USA,5.0
1408,15,49,F,Italia,5.5
1409,15,49,F,USA,6.5
1410,15,51,M,Francia,4.5
1411,15,56,M,USA,5.0
1412,15,51,F,Italia,6.0
1413,15,64,M,Francia,5.0
1414,15,63,F,Francia,6.5
1415,15,60,F,USA,6.0
1416,15,36,F,Italia,7.0
1417,15,61,F,USA,7.5
1418,15,60,M,Italia,5.5
1419,15,62,M,Italia,6.0
1420,15,34,F,Italia,5.5
1421,15,60,F,Italia,7.0
1422,15,56,F,USA,5.5
1423,15,21,M,USA,6.5
1424,15,29,M,USA,7.0
1425,15,21,F,Altri,8.0
1426,15,62,M,Italia,4.5
1427,15,26,M,Francia,7.5
1428,16,27,M,Altri,6.0
1429,16,45,M,Italia,7.5
1430,16,57,F,Francia,7.0
1431,16,25,F,Italia,6.5
1432,16,61,F,Francia,5.5
1433,16,52,M,Italia,6.5
1434,16,28,M,Francia,5.0
1435,16,69,F,USA,8.0
1436,16,23,M,Altri,6.5
1437,16,28,M,Altri,8.0
1438,16,63,F,Italia,6.5
1439,16,23,F,Francia,6.0
1440,16,27,M,Altri,5.5
1441,16,23,M,Italia,6.0
1442,16,56,M,USA,5.5
1443,16,27,F,USA,6.5
1444,16,53,F,USA,9.0
1445,16,39,F,Francia,6.0
1446,16,63,F,Italia,5.5
1447,16,23,F,Francia,5.0
1448,16,58,M,USA,6.0
1449,16,58,M,USA,5.0
1450,16,63,M,Francia,5.5
1451,16,60,M,USA,7.0
1452,16,37,F,USA,7.5
1453,16,36,M,Italia,6.5
1454,16,53,F,Italia,7.5
1455,16,24,M,USA,6.5
1456,16,32,M,Italia,7.0
1457,16,54,M,USA,6.5
1458,16,25,F,Italia,6.5
1459,16,27,M,USA,6.0
1460,16,61,F,USA,6.0
1461,16,26,F,Italia,7.0
1462,16,52,M,USA,5.0
1463,16,33,M,USA,5.5
1464,16,57,F,Italia,6.0
1465,16,37,F,USA,6.0
1466,16,64,F,Altri,5.5
1467,16,58,F,Francia,8.0
1468,16,62,M,USA,5.0
1469,16,32,F,Italia,6.5
1470,16,26,M,Francia,6.0
1471,16,65,M,Italia,6.0
1472,16,46,M,Italia,7.0
1473,16,64,M,Altri,8.0
1474,16,61,F,Altri,4.0
1475,16,28,M,USA,7.0
1476,16,66,F,USA,8.0
1477,16,32,M,Italia,5.0
1478,16,57,F,Francia,6.0
1479,16,58,M,Italia,5.0
1480,16,28,F,Altri,5.5
1481,16,62,F,Altri,7.0
1482,16,26,M,Altri,6.5
1483,16,39,F,Francia,6.0
1484,16,57,F,Francia,4.5
1485,16,53,M,Altri,7.5
1486,16,64,M,Italia,5.5
1487,16,22,M,USA,6.0
1488,16,66,M,Italia,3.5
1489,16,58,F,Francia,6.0
1490,16,58,M,Francia,6.0
1491,16,60,M,Francia,7.0
1492,16,52,F,USA,7.0
1493,16,27,M,Italia,6.5
1494,16,37,M,Italia,6.5
1495,16,22,M,USA,7.0
1496,16,56,M,Francia,5.5
1497,16,37,M,Italia,4.5
1498,16,55,M,Altri,6.5
1499,17,25,M,Italia,7.0
1500,17,60,M,Italia,7.5
1501,17,60,M,USA,7.5
1502,17,62,M,Italia,6.0
1503,17,63,M,Francia,6.5
1504,17,62,M,Italia,7.5
1505,17,51,M,USA,7.0
1506,17,32,M,USA,8.0
1507,17,60,F,USA,5.5
1508,17,32,F,Italia,7.5
1509,17,24,M,Italia,6.5
1510,17,64,M,Italia,6.0
1511,17,61,M,USA,7.5
1512,17,59,M,Italia,5.5
1513,17,28,F,Italia,6.0
1514,17,56,F,Italia,5.5
1515,17,53,M,Italia,6.5
1516,17,60,F,USA,7.5
1517,17,53,F,Francia,6.0
1518,17,23,M,USA,6.5
1519,17,62,M,Italia,7.0
1520,17,22,M,Italia,6.0
1521,17,26,F,Italia,7.5
1522,17,62,M,USA,6.5
1523,17,57,M,Italia,7.0
1524,17,64,M,USA,7.0
1525,17,62,M,USA,6.0
1526,17,61,F,Italia,6.0
1527,17,56,M,Francia,6.5
1528,17,67,F,Italia,5.0
1529,17,51,M,Italia,7.5
1530,17,53,F,Francia,5.5
1531,17,25,M,Italia,6.0
1532,17,29,F,USA,7.0
1533,17,29,M,Altri,6.5
1534,17,62,M,Altri,5.0
1535,17,60,F,Francia,6.5
1536,17,59,M,Altri,7.0
1537,17,32,M,Francia,5.0
1538,17,23,F,USA,7.0
1539,17,25,M,USA,7.0
1540,17,61,M,USA,5.5
1541,17,35,F,USA,5.5
1542,17,50,M,Francia,7.0
1543,17,46,M,USA,6.5
1544,17,60,M,Italia,5.5
1545,17,64,F,Francia,6.0
1546,17,64,M,Altri,6.0
1547,17,22,M,Italia,6.5
1548,17,66,M,Italia,6.5
1549,17,39,F,USA,6.5
1550,17,62,M,Francia,7.0
1551,17,20,F,USA,7.5
1552,17,33,F,USA,7.5
1553,17,54,F,Italia,6.5
1554,17,59,M,Italia,6.0
1555,17,31,M,USA,5.5
1556,17,56,M,Francia,8.0
1557,17,59,F,USA,7.5
1558,17,47,M,Italia,6.5
1559,17,60,F,USA,5.5
1560,17,59,F,USA,6.5
1561,17,27,M,Italia,7.0
1562,17,36,F,Italia,6.5
1563,17,65,F,Francia,7.0
1564,17,59,F,USA,4.5
1565,17,60,M,Francia,7.0
1566,17,62,F,Francia,4.5
1567,17,22,F,USA,7.0
1568,17,39,F,Italia,6.0
1569,17,59,M,Francia,6.0
1570,17,67,M,Italia,8.0
1571,17,33,M,USA,6.5
1572,17,63,F,Altri,7.0
1573,17,21,F,Altri,6.0
1574,17,56,M,Italia,7.0
1575,17,62,F,Francia,6.0
1576,17,61,M,Altri,8.0
1577,17,55,F,Altri,7.0
1578,17,31,M,Altri,6.5
1579,17,25,M,Francia,6.0
1580,17,50,M,USA,6.5
1581,17,66,M,USA,6.5
1582,17,27,F,USA,7.0
1583,17,52,F,Francia,6.0
1584,17,55,M,Italia,7.0
1585,17,64,M,USA,6.0
1586,17,60,F,USA,5.5
1587,17,66,F,USA,6.0
1588,17,24,M,Italia,7.0
1589,17,52,F,Altri,7.0
1590,17,25,F,Altri,7.5
1591,17,20,F,Francia,7.0
1592,17,20,M,USA,7.0
1593,17,57,M,USA,5.5
1594,17,55,M,Italia,7.0
1595,17,31,M,USA,8.0
1596,17,64,M,Italia,6.5
1597,17,63,F,Italia,7.0
1598,17,61,M,Altri,7.0
1599,17,59,F,USA,6.0
1600,17,59,F,Italia,6.0
1601,17,49,M,Italia,7.5
1602,17,66,M,Francia,4.5
1603,17,55,M,Francia,7.5
1604,17,29,M,USA,6.0
1605,17,62,M,Francia,6.0
1606,17,21,F,Altri,6.0
1607,17,62,M,Italia,6.5
1608,17,28,M,USA,8.0
1609,17,40,M,USA,7.0
1610,17,28,M,USA,7.0
1611,17,56,M,Francia,5.5
1612,17,57,F,USA,6.5
1613,17,61,M,Italia,7.5
1614,17,53,F,USA,8.0
1615,17,58,M,Altri,7.0
1616,17,28,F,Italia,8.0
1617,17,25,M,USA,8.0
1618,17,62,M,USA,6.5
1619,17,20,M,USA,6.0
1620,17,23,F,USA,7.0
1621,17,54,F,USA,6.5
1622,17,57,F,Italia,6.0
1623,17,60,M,Italia,7.0
1624,17,59,M,Francia,5.5
1625,17,59,F,Italia,5.5
1626,17,54,M,USA,5.5
1627,17,55,M,Italia,7.5
1628,17,61,F,Francia,6.0
1629,17,55,M,USA,6.5
1630,17,61,M,USA,8.5
1631,17,57,M,Italia,8.0
1632,17,45,M,USA,7.5
1633,17,55,M,USA,6.5
1634,17,54,F,Italia,6.5
1635,17,64,M,Altri,8.5
1636,17,62,M,Italia,7.0
1637,17,56,M,USA,6.5
1638,17,34,M,USA,6.5
1639,17,31,M,Altri,6.0
1640,17,33,F,Francia,7.5
1641,17,56,M,Francia,7.0
1642,17,29,M,USA,6.0
1643,17,24,M,USA,6.5
1644,17,58,M,Francia,6.0
1645,17,57,F,Francia,6.0
1646,17,22,F,Italia,6.5
1647,17,21,M,USA,6.0
1648,17,61,M,USA,7.5
1649,17,34,M,USA,6.5
1650,17,28,F,Francia,8.5
1651,17,31,M,USA,8.0
1652,17,53,M,USA,7.0
1653,17,60,M,Francia,6.0
1654,17,40,M,Italia,7.5
1655,17,60,F,Italia,6.0
1656,17,61,F,Altri,6.5
1657,17,29,F,Francia,7.5
1658,17,52,M,Francia,6.0
1659,17,27,M,Altri,6.0
1660,17,31,M,USA,6.5
1661,17,22,F,Francia,7.5
1662,17,56,F,Francia,6.0
1663,17,58,M,Italia,6.0
1664,17,23,F,Italia,4.5
1665,17,60,M,Francia,9.0
1666,17,30,M,USA,6.5
1667,17,25,M,Francia,7.0
1668,17,25,F,Francia,7.5
1669,17,21,F,Altri,6.5
1670,17,61,M,Altri,7.0
1671,17,25,M,Italia,6.5
1672,17,48,F,Altri,7.5
1673,17,57,M,Italia,6.5
1674,17,59,F,USA,6.0
1675,17,27,F,Italia,7.0
1676,17,61,F,Altri,8.0
1677,17,64,M,USA,5.5
1678,17,60,F,Francia,7.0
1679,17,51,F,Italia,6.5
1680,17,22,F,USA,5.0
1681,17,27,M,USA,6.5
1682,17,63,M,Francia,4.5
1683,17,52,F,Italia,7.0
1684,17,57,M,Italia,7.5
1685,17,58,M,Italia,6.0
1686,17,58,M,USA,6.5
1687,17,21,F,Francia,7.0
1688,17,21,F,Italia,7.5
1689,17,59,M,USA,5.0
1690,17,48,M,Francia,6.5
1691,17,23,M,USA,6.5
1692,17,45,F,USA,7.5
1693,17,61,M,Italia,8.0
1694,17,31,F,USA,6.5
1695,17,54,M,USA,6.5
1696,17,26,M,Italia,6.0
1697,17,64,F,Francia,6.0
1698,17,38,F,Italia,7.0
1699,17,64,M,Francia,5.5
1700,17,22,M,Francia,7.5
1701,17,53,M,USA,6.0
1702,17,27,M,Francia,6.5
1703,17,30,F,Francia,7.5
1704,17,66,M,Italia,5.5
1705,17,24,M,Altri,7.0
1706,17,25,M,USA,7.0
1707,17,60,M,USA,6.0
1708,17,29,M,Italia,7.0
1709,17,29,M,USA,6.0
1710,17,64,M,Italia,6.5
1711,17,26,F,Italia,7.0
1712,17,66,M,Altri,6.0
1713,17,49,F,Italia,7.5
1714,17,62,F,Altri,7.0
1715,17,67,M,USA,8.0
1716,18,54,M,Altri,7.0
1717,18,59,F,Francia,7.0
1718,18,46,F,Altri,7.0
1719,18,50,F,USA,8.5
1720,18,58,F,Italia,8.5
1721,18,35,F,Italia,7.0
1722,18,47,F,Italia,7.5
1723,18,24,F,Italia,8.0
1724,18,30,M,Italia,6.5
1725,18,56,M,Italia,5.5
1726,18,57,M,USA,7.5
1727,18,63,M,Italia,8.5
1728,18,66,F,Francia,7.0
1729,18,24,F,Italia,7.5
1730,18,61,M,USA,7.5
1731,18,29,M,Francia,7.0
1732,18,59,F,Italia,7.5
1733,18,52,M,Italia,6.5
1734,18,61,F,USA,7.0
1735,18,32,M,Italia,6.0
1736,18,23,F,Francia,7.5
1737,18,34,M,USA,6.5
1738,18,67,M,Francia,6.0
1739,18,26,M,USA,6.5
1740,18,53,F,Italia,7.5
1741,18,23,F,Italia,8.0
1742,18,31,M,Italia,7.0
1743,18,60,M,Francia,9.0
1744,18,25,M,Italia,6.5
1745,18,31,M,USA,7.0
1746,18,52,F,USA,7.5
1747,18,28,M,Italia,5.0
1748,18,22,M,Altri,8.0
1749,18,65,F,Francia,6.5
1750,18,56,M,Italia,7.0
1751,18,66,F,Altri,8.0
1752,18,28,M,USA,6.5
1753,18,67,M,Francia,7.0
1754,18,60,M,USA,8.0
1755,18,60,M,USA,6.0
1756,18,28,M,Altri,6.5
1757,18,61,M,Italia,8.0
1758,18,55,F,Altri,8.0
1759,18,28,M,USA,6.0
1760,18,53,M,Altri,7.0
1761,18,28,F,Francia,6.5
1762,18,22,M,USA,7.0
1763,18,63,M,USA,8.5
1764,18,31,F,Francia,7.0
1765,18,56,F,Altri,6.5
1766,18,51,F,USA,7.5
1767,18,29,F,Francia,7.0
1768,18,56,F,Altri,8.0
1769,18,56,M,Italia,7.5
1770,18,60,F,Italia,6.5
1771,18,64,F,Altri,8.5
1772,18,66,F,Italia,8.0
1773,18,53,M,Italia,7.0
1774,18,25,F,Italia,9.0
1775,18,28,M,USA,7.5
1776,18,23,F,Francia,7.0
1777,18,55,F,Altri,8.5
1778,18,67,F,Altri,7.0
1779,18,36,M,Francia,8.0
1780,18,54,M,USA,8.0
1781,18,56,F,Francia,7.5
1782,18,26,M,Altri,7.0
1783,18,39,M,Italia,6.5
1784,18,25,M,Francia,7.5
1785,18,29,F,USA,7.5
1786,18,27,F,Italia,8.0
1787,18,66,F,Italia,8.0
1788,18,57,M,USA,7.5
1789,18,58,M,Italia,7.5
1790,18,22,M,USA,7.0
1791,18,23,M,Italia,6.5
1792,18,32,F,USA,8.0
1793,18,40,F,Italia,7.0
1794,18,58,M,Italia,6.5
1795,18,54,F,Italia,8.0
1796,18,62,M,Italia,9.0
1797,18,54,M,Altri,6.5
1798,18,32,M,USA,7.5
1799,18,31,M,USA,7.5
1800,18,55,M,Francia,5.5
1801,18,57,M,Italia,7.5
1802,18,64,M,Italia,8.5
1803,18,57,F,Italia,8.0
1804,18,50,M,Italia,8.0
1805,18,47,M,Francia,6.5
1806,18,64,M,Italia,8.0
1807,18,59,M,Altri,6.5
1808,18,62,F,Altri,8.0
1809,18,52,M,Italia,7.5
1810,18,35,M,Italia,9.0
1811,18,64,M,Italia,6.0
1812,18,59,F,USA,7.5
1813,18,26,F,USA,7.0
1814,18,52,M,Italia,7.0
1815,18,58,M,Italia,7.0
1816,18,33,F,Italia,9.0
1817,18,65,F,USA,6.5
1818,18,61,M,Italia,8.0
1819,18,32,F,Italia,7.0
1820,18,26,M,Italia,6.5
1821,18,29,F,Italia,6.5
1822,18,36,M,Altri,8.0
1823,19,32,F,Italia,5.5
1824,19,57,M,Italia,8.0
1825,19,63,M,Italia,8.0
1826,19,52,F,Italia,5.0
1827,19,59,F,Italia,5.5
1828,19,48,F,USA,6.5
1829,19,61,F,USA,6.0
1830,19,45,F,Francia,6.5
1831,19,49,F,Francia,4.5
1832,19,63,M,Italia,6.5
1833,19,55,F,Altri,7.5
1834,19,62,F,Altri,8.0
1835,19,29,M,Italia,6.0
1836,19,52,F,Italia,7.0
1837,19,24,F,Altri,6.0
1838,19,61,M,Altri,6.5
1839,19,50,F,USA,6.5
1840,19,68,F,Italia,6.0
1841,19,27,M,USA,7.0
1842,19,30,F,USA,7.5
1843,19,53,F,Italia,7.5
1844,19,53,F,Altri,5.5
1845,19,54,F,Italia,6.5
1846,19,62,M,Francia,7.5
1847,19,61,M,Altri,6.0
1848,19,32,F,Francia,6.5
1849,19,61,M,USA,7.0
1850,19,26,F,USA,6.0
1851,19,24,M,Italia,5.5
1852,19,60,M,Italia,7.5
1853,19,21,F,Francia,5.5
1854,19,60,M,Italia,7.0
1855,19,68,F,USA,6.5
1856,19,53,M,Altri,7.5
1857,19,61,M,Italia,7.5
1858,19,27,M,USA,7.0
1859,19,55,M,USA,7.0
1860,19,62,F,Italia,6.5
1861,19,61,F,USA,6.0
1862,19,63,M,Italia,6.5
1863,19,49,F,USA,7.0
1864,19,26,F,Altri,7.0
1865,19,58,F,USA,5.5
1866,19,28,F,Italia,6.5
1867,19,26,M,Altri,5.0
1868,19,66,M,Italia,6.5
1869,19,27,F,Italia,5.5
1870,19,26,M,USA,6.0
1871,19,56,M,Italia,6.0
1872,19,57,M,USA,4.5
1873,19,54,M,Francia,6.5
1874,19,62,M,Altri,8.0
1875,19,59,F,USA,5.5
1876,19,64,M,Italia,6.5
1877,19,65,M,USA,4.5
1878,19,30,M,Italia,5.0
1879,19,67,F,Altri,7.0
1880,19,54,F,Italia,7.0
1881,19,64,M,USA,5.5
1882,19,54,M,USA,6.5
1883,19,30,M,Francia,5.5
1884,19,53,F,Francia,5.5
1885,19,59,M,Italia,5.5
1886,19,36,M,Altri,5.0
1887,19,62,M,Italia,7.0
1888,19,58,M,Francia,5.5
1889,19,48,F,Altri,4.5
1890,19,30,M,Italia,6.5
1891,19,62,M,Italia,6.0
1892,19,55,M,Altri,7.0
1893,19,29,M,Italia,5.0
1894,19,48,M,Altri,7.0
1895,19,58,M,USA,7.0
1896,19,55,M,Altri,7.5
1897,19,54,M,Altri,6.5
1898,19,27,M,Italia,6.0
1899,19,57,F,USA,7.0
1900,19,56,F,Francia,6.0
1901,19,34,F,Italia,6.5
1902,19,33,F,Italia,7.0
1903,19,62,F,USA,7.0
1904,19,55,M,USA,6.0
1905,19,61,M,Francia,8.5
1906,19,61,M,USA,5.5
1907,19,20,M,Altri,6.5
1908,19,55,M,USA,5.5
1909,19,29,M,USA,6.5
1910,20,54,M,Italia,6.5
1911,20,53,F,USA,7.0
1912,20,21,F,Francia,6.0
1913,20,24,M,Altri,6.0
1914,20,24,F,Altri,7.0
1915,20,64,F,Francia,4.5
1916,20,46,M,Italia,5.5
1917,20,53,F,Italia,6.0
1918,20,57,F,Italia,6.0
1919,20,31,F,Italia,5.5
1920,20,54,M,USA,7.0
1921,20,55,F,Italia,6.0
1922,20,28,F,Italia,5.5
1923,20,64,M,Italia,5.0
1924,20,55,F,USA,7.5
1925,20,31,F,Francia,6.0
1926,20,30,F,Italia,7.5
1927,20,23,F,Francia,6.0
1928,20,32,F,USA,6.5
1929,20,67,M,Italia,6.5
1930,20,56,M,USA,7.0
1931,20,65,F,Altri,7.0
1932,20,63,F,Altri,6.0
1933,20,52,M,Italia,6.5
1934,20,27,M,Italia,5.5
1935,20,37,F,Italia,7.5
1936,20,32,M,Italia,6.5
1937,20,57,M,Italia,4.5
1938,20,56,M,Francia,5.5
1939,20,47,F,Italia,6.0
1940,20,34,F,Altri,7.0
1941,20,57,F,Italia,6.0
1942,20,32,F,Italia,7.0
1943,20,47,F,Italia,5.5
1944,20,64,M,Italia,6.5
1945,20,53,F,Italia,8.0
1946,20,57,M,Altri,6.0
1947,20,66,F,Italia,6.0
1948,20,66,F,Francia,7.0
1949,20,58,M,Altri,6.0
1950,20,60,M,Italia,6.0
1951,20,21,F,Altri,7.0
1952,20,64,F,USA,8.0
1953,20,22,M,USA,7.0
1954,20,57,M,Francia,6.0
1955,20,66,M,Italia,6.0
1956,20,55,F,Italia,8.5
1957,20,30,M,USA,6.0
1958,20,57,M,Francia,5.0
1959,20,64,M,Italia,6.5
1960,20,62,M,USA,5.5
1961,20,61,M,USA,6.5
1962,20,29,F,Italia,7.5
1963,20,59,M,Italia,6.5
1964,20,62,F,USA,5.5
1965,20,61,F,Italia,5.5
1966,20,62,F,Altri,6.5
1967,20,58,F,Francia,5.5
1968,20,25,M,USA,6.0
1969,20,28,M,Italia,6.0
1970,20,33,M,Francia,5.5
1971,20,65,F,Italia,8.5
1972,20,61,M,Italia,5.5
1973,20,32,M,USA,6.5
1974,20,65,F,Italia,5.5
1975,20,62,M,USA,7.5
1976,20,60,M,Altri,6.5
1977,20,61,M,USA,7.0
1978,20,61,F,USA,4.0
1979,20,30,M,Italia,6.0
1980,20,26,F,Italia,7.5
1981,20,54,M,Italia,6.0
1982,20,31,M,USA,6.5
1983,20,61,M,Francia,5.0
1984,20,24,M,Italia,6.5
1985,20,63,F,Italia,4.5
1986,20,25,F,Italia,7.0
1987,20,55,M,Italia,6.5
1988,20,64,F,Italia,6.5
1989,20,61,F,Italia,5.5
1990,20,25,F,USA,6.5
1991,20,21,M,USA,6.5
1992,20,50,M,Altri,5.0
1993,20,57,F,Francia,6.0
1994,20,29,M,Altri,6.0
1995,20,60,M,Italia,7.0
1996,20,61,M,USA,6.0
1997,20,56,M,Italia,5.0
1998,20,26,F,Italia,6.0
1999,20,62,F,USA,6.0
2000,20,51,F,Italia,6.5
